text,label
hey i i smell something burning from the kitchen,risk
my back hurts from sitting all day yaar,ordinary
arre i'll transfer 500 rupees to sarah by day after tomorrow,task
arre that meme meme was hilarious,ordinary
what time does the school open on next week,question
listen someone needs to sort this out,ordinary
actually we're postponing the flight flight to next week,decision
by the way what was the address ankit sent,question
the delivery guy's fever isn't coming down since friday,risk
what documents do they need at the market,question
listen i need to pick up the medicine before 4 pm,task
um the strike is over buses are back from this evening,info
our slot at the bank got moved to early morning,info
arre i'll follow up with ankit about about the interview,task
i need to return the library books before noon,task
okay then monday 1030 is locked for the meeting you know,decision
priya's fever isn't coming down since this weekend,risk
actually i'll transfer a lot to sarah by monday,task
by the way they announced a holiday on saturday,info
arre i'm worried dr mehta sounded really unwell on the call,risk
you take care of the keys and i'll handle the rest actually,task
um the extension board is overheating unplug it,risk
what did the the doctor say about the reports,question
sarah texted that the appointment is happening at at the market,info
instead of buying let's just rent the assignment,decision
that actor actor is so good in that show,ordinary
um what documents do they need at the restaurant,question
let's move the party to tuesday,decision
hey i'll transfer more than expected to my brother by friday,task
uh actually let's meet at 8 pm not 530,decision
can you look up the number number for the service center,question
you know kids these days i tell you,ordinary
okay okay so what's up,ordinary
that link sarah forwarded looks like a scam,risk
acha okay only,ordinary
uh ankit is getting discharged monday morning,info
how long does it take to reach the school,question
it's settled dad pays for the presentation this time,decision
they announced a holiday on saturday,info
can somebody check the status of of the form,question
arre note it down we must renew the insurance by tonight,task
moving the rent to this evening everyone okay with that done then,decision
what was the address my brother sent,question
you know watch out the door is unlocked,risk
let's drop the idea of the interview this month,decision
the electrician hasn't picked up the phone since noon,risk
the coffee here is decent,ordinary
you know final call we're skipping the wedding this time,decision
it's settled sarah pays for the charger this time,decision
the school is closed monday,info
hey our neighbour shifted to the new place last week,info
listen the inverter battery is swelling up don't touch it only,risk
uh did you see how crowded the metro station was,ordinary
did you notice the stove is still on,risk
let me set a reminder to fix the tap na,task
he's always late anyway,ordinary
i'll pick up the documents from from the gym on my way back,task
okay so did you see how crowded the the office was,ordinary
by the way news says the restaurant metro line opens this this weekend,info
uh first thing tomorrow morning i'll pick up the medicine,task
the form finally got delivered to the school,info
sarah said the train is running late,info
which bus goes to the bank,question
okay so long time no see,ordinary
insurance claim got approved for more than expected yaar,info
priya's fever isn't coming down since tuesday you know,risk
we'll do the meeting first and renew the insurance after,decision
insurance claim got approved for a lot you know,info
arre did anyone ask priya about the assignment,question
you know what was the address sarah sent you know,question
yeah i know know right,ordinary
instead of buying let's just rent the medicine,decision
hey i miss home food,ordinary
what a boring day yaar,ordinary
the internet banking otp came without me doing anything na,risk
the inverter battery is swelling up up don't touch it right,risk
you know i have to drop the presentation at the school monday,task
you know i miss home food,ordinary
um got the confirmation the medicine ships tonight,info
the teacher shifted shifted to the new place last week,info
i'll pick up the documents from the office on my way back only,task
arre i'll get it done and update you by 7 in the evening,task
hey yeah only,ordinary
hey careful the wire is sparking,risk
actually the geyser was on the whole night that's risky you know,risk
i said i'd help the delivery guy with the medicine tonight,task
you know i'm supposed to send the laptop to our neighbour today,task
okay so somebody left the gate open all night actually,risk
listen listen the bike's tyre looks completely worn out,risk
hey just heard that the prices went up again,info
can somebody check the status of the charger yaar,question
i'll transfer a lot to aunt seema by tuesday,task
you know let's book the airport before the prices go up,decision
hey watch out the wire is is sparking,risk
um should we take a cab or the metro to the school,question
um oh oh nice,ordinary
okay then next week 4 pm is locked for the class,decision
dr mehta hasn't picked up the phone phone since 1030,risk
um could you find out the fees for the class,question
arre we'll attend attend to it later i guess,task
hey the tap is leaking badly someone should check,risk
let's drop the idea of the appointment this month,decision
hmm yeah makes makes sense,ordinary
hey the extension board is overheating unplug it,risk
the ceiling fan is is wobbling badly get it checked,risk
how much did we pay for the presentation last time,question
i need to call the plumber before 9 am,task
i'll call dr mehta tonight about the laptop,task
insurance claim got approved for half of it,info
uh our slot at the service center got moved to 9 am,info
okay so hmm yeah makes sense yaar,ordinary
actually i have to drop the form at the market tuesday,task
by the way there's water leaking near the switchboard,risk
can someone find out if the airport is open tonight,question
i'm supposed to send the documents to aunt seema today,task
let's go ahead with dad's suggestion actually,decision
let's do the wedding at 4 pm instead,decision
so careful the stove is still on,risk
you know we decided to cancel the checkup,decision
scrap the old plan we start fresh from sunday actually,decision
okay so careful careful the tap is leaking badly,risk
i will share the details with dr mehta after the party,task
uh moving the medicine to tomorrow everyone okay with that done then,decision
by the way the new phone looks nice though yaar,ordinary
arre the dog did the funniest thing today,ordinary
is the offer on the keys still valid,question
the new timings for the gym are noon to lunchtime,info
we agreed to keep the appointment at the market itself,decision
um that was a great match actually,ordinary
first thing day after tomorrow morning i'll collect the laundry,task
no way really actually,ordinary
okay so first thing this weekend morning i'll send the email na,task
we'll do the meeting first and collect the laundry after,decision
uh rahul reached safely an hour ago,info
so i think the floor is wet you know,risk
pending item is to recharge the phone don't let me forget you know,task
i'm worried my boss sounded really unwell on the call na,risk
actually there's a crack on the wall near the market getting bigger,risk
dr mehta texted that the review is happening at the gym actually,info
do you know what time the school closes only,question
hey who should i contact about the laptop,question
you take care of the keys and i'll handle the rest,task
so just scrolling reels,ordinary
listen kids were playing near the main road again right,risk
which bus goes to the school,question
hey no way really right,ordinary
okay so we'll get around to it i suppose,ordinary
by the way the ceiling fan is wobbling badly get it checked,risk
we should hang out sometime na,ordinary
hmm yeah yeah makes sense,ordinary
you know yeah,ordinary
is the grocery store open on tomorrow or not na,question
they announced a holiday on thursday only,info
i have to drop the form at the restaurant tonight,task
the deadline for the documents moved to this weekend,info
how long does it take to reach the bank,question
you know the medicine expired last month don't take it,risk
listen it's settled mom pays for the tickets this time,decision
uh let's drop the idea of the flight this month,decision
make sure the documents reaches dr mehta by 1030,task
the prices went up again sunday,info
we'll deal with it eventually actually,task
let me finish the charger tonight and send it over right,task
ankit is getting discharged tonight morning,info
okay so scrap the old plan we start fresh from monday right,decision
listen that link aunt seema forwarded looks like a scam,risk
by the way he's always late anyway right,ordinary
okay so we'll take the morning train instead of the flight,decision
listen let's cut the budget for the invoice by 1200,decision
she sings really well yaar,ordinary
arre they announced a holiday on tomorrow,info
let's book the gym before the prices go up you know,decision
by the way the internet banking otp came without me doing anything,risk
so let's cancel the cab and take the train only,decision
okay so aunt seema confirmed the class is at early morning,info
so street dogs near the office looked aggressive today,risk
let's cut the budget for the invoice by 1200,decision
by the way the plumber said the milk has gone bad please look at it,risk
by the way do you know what time the bank closes,question
actually let's meet at 1030 not lunchtime,decision
what time does the clinic open on on tuesday,question
does anyone know where i kept the tickets right,question
part of me thinks this won't work,decision
can you return the library books when you get time,task
is it possible to change the date of the interview,question
uh uh the food was really good,ordinary
so did you notice the tap is leaking badly,risk
you know we decided to cancel the interview,decision
i smell something burning from the kitchen na,risk
can someone find out if the school is open day after tomorrow,question
okay so i'll follow up with ankit about the checkup,task
sarah said the gas smells weird please look at it na,risk
uh so tired today man,ordinary
whom do we call if the grocery store is shut,question
you know no no way really,ordinary
hey fine let's not invite the teacher then,decision
so the food was really good only,ordinary
actually let's book the service center before the prices go up,decision
um how are you doing,ordinary
i will share the details with mom after the party,task
let's book the grocery store before the prices go up na,decision
i have to drop the presentation at the office next week actually,task
my brother reached safely an hour ago,info
that link our neighbour forwarded looks like a scam,risk
so should we take a cab or the metro to the metro station,question
arre what's up,ordinary
by the way the ladder is shaky don't climb it alone,risk
actually let's meet at early morning not 4 pm right,decision
uh scrap the old plan we start fresh from saturday,decision
did anyone ask the delivery guy about the rent you know,question
so let's go ahead with my brother's suggestion you know,decision
arre task for friday is to submit the form,task
by the way acha okay na,ordinary
so can you check when the interview starts,question
so make sure the presentation reaches sarah by 4 pm,task
that link rahul forwarded looks like a scam,risk
actually did you see how crowded the bank was,ordinary
news says the bank metro line opens sunday,info
you know is the grocery store open on sunday or not,question
we are shifting the class from tomorrow to tomorrow,decision
by the way does anyone know where i kept the keys,question
how do we get to the market from here,question
let's move the flight to thursday,decision
uh the new timings for the pharmacy are 8 pm to early morning,info
did you see how crowded the clinic was,ordinary
so what's up,ordinary
okay so the ladder is shaky don't climb it alone you know,risk
by the way hey the door is unlocked someone should check,risk
that link the teacher teacher forwarded looks like a scam,risk
by the way can you find a good deal on the report,question
actually can you fix the tap when you get time,task
listen someone has to call the plumber before the flight yaar,task
actually i'm worried our neighbour sounded really unwell on the call,risk
okay so hmm yeah makes sense,ordinary
so the flight venue changed to the bank,info
actually actually cool cool actually,ordinary
my brother is getting discharged day after tomorrow morning yaar,info
so watch out the brakes feel loose you know,risk
we decided to cancel the trip right,decision
don't forget to send the email,task
arre my boss shifted to the new place last week,info
the results are out tomorrow,info
listen the delivery guy said the wire is sparking please look at it,risk
someone has to collect the laundry before the party na,task
let me set a reminder to fix the tap you know,task
listen haha that's funny yaar,ordinary
the new timings for the clinic are are 1030 to 8 pm,info
dr mehta is getting discharged this weekend morning,info
we'll do the wedding first and pay the electricity bill after,decision
let me finish the tickets tonight and send it over,task
have to submit the documents before the class,task
uh the flight got delayed day after tomorrow,info
by the way okay then this weekend lunchtime is locked for the flight,decision
i'll transfer 2000 rupees to the plumber by this weekend,task
just heard that the train is running late,info
by the way we'll attend to it later i guess,ordinary
make sure the documents reaches the electrician by lunchtime,task
i need to recharge the phone before 7 in the evening,task
the report finally got delivered to the metro station,info
you know the electrician reached safely an hour ago,info
arre someone has to submit the form before the wedding,task
let's cut the budget for the form by a lot,decision
you know the refund of the full amount got credited today,info
let's do the interview at 1030 instead,decision
let me finish finish the report tonight and send it over yaar,task
who should i contact about the rent only,question
i'll follow up with the landlord about the call,task
listen the extension extension board is overheating unplug it,risk
i'll pick up the laptop from the metro station on on my way back,task
i need to recharge the phone before early morning,task
got the confirmation confirmation the laptop ships sunday,info
so still have to confirm the booking with the pharmacy,task
okay so i'm fine thanks,ordinary
anyway anyway how was your day,ordinary
okay so the geyser was on the whole night that's risky,risk
i'll call the teacher wednesday about the photos yaar,task
i think the gas smells weird,risk
you know someone has to send the email before the checkup,task
okay so i'll follow up with rahul about the flight,task
so long time no see,ordinary
hey note it down we must pay the electricity bill by day after tomorrow,task
um good morning everyone,ordinary
by the way that was a great match right,ordinary
by the way i will share the details with my brother after the wedding,task
the medicine expired last month don't take it na,risk
so so tired today man,ordinary
i'll follow up with priya about the review,task
i have to drop the report at the restaurant monday,task
you know how much did we pay for the charger last time you know,question
by the way the bike's tyre looks completely worn out,risk
i'm supposed to send the documents to the teacher today,task
uh the landlord increased the rent by 1200,info
arre our neighbour's fever isn't coming down since thursday na,risk
um the salary got credited early this month,info
don't eat that it's been out since thursday,risk
where do we submit the form,question
hey news says the school metro line opens saturday,info
listen we'll get around to it i suppose na,task
the documents finally got delivered to the pharmacy,info
what time does the restaurant open on wednesday,question
ankit is coming down saturday for the review,info
okay so there's a crack on the wall near the office getting bigger,risk
the call venue changed to the gym,info
you know arre wah nice right,ordinary
i'm not totally sure this is the right call only,decision
you know need to book a cab for 8 pm,task
aunt seema's fever isn't coming down since monday,risk
um not convinced this plan plan works,decision
it's settled dad pays for the tickets this time,decision
mom is coming down sunday for the appointment,info
actually the new timings for the office are 1030 to noon,info
okay so rahul's fever isn't coming down since tomorrow,risk
uh i'm worried sarah sounded really unwell on the call only,risk
my back hurts from sitting all day right,ordinary
actually the plumber is getting discharged wednesday morning,info
is the offer on the invoice still valid,question
we're postponing the party to this this weekend,decision
listen how long does it take to reach the pharmacy,question
so how long does it take to reach the bank,question
so i need to recharge the phone before 1030,task
so could you find out the fees fees for the appointment,question
good morning everyone,ordinary
um i miss miss home food right,ordinary
uh let's move the checkup to saturday,decision
let me finish the medicine tonight and send it over,task
acha okay,ordinary
hey how many people are coming to the meeting,question
hey that link the delivery guy forwarded looks like a scam,risk
okay okay so long time no see,ordinary
uh hahaha good one,ordinary
listen i had biryani for lunch,ordinary
that link the plumber forwarded looks like a scam,risk
what did the doctor say about the reports na,question
there's water leaking near the switchboard you know,risk
listen our slot at the gym got moved to 530,info
the pharmacy is running a big sale till next week,info
can someone find out if the grocery store is open tomorrow,question
does anyone know where i kept the documents,question
did you watch that movie yesterday,ordinary
i need to return the library books before 7 in the evening,task
so hmm let me think,ordinary
yeah yeah i know right,ordinary
let's cut the budget for the assignment by a lot na,decision
is the offer on the laptop still valid only,question
by the way rahul is coming down tuesday for the wedding,info
anyway how was was your day,ordinary
so they announced a holiday on tuesday,info
okay so kids these days i tell you only,ordinary
moving the medicine to tonight everyone okay with that done then,decision
okay so task for monday is to recharge the phone,task
actually let's split split the cost of the tickets,decision
um we'll take the morning train instead of the flight,decision
hey let's split the cost of the presentation,decision
um do you know what time the restaurant closes right,question
okay so who should i contact about the charger,question
so so the gym was empty today,ordinary
news says the restaurant metro line opens tomorrow,info
let let me finish the photos tonight and send it over na,task
you know she sings really well,ordinary
arre nothing interesting on tv these days,ordinary
arre i love this place,ordinary
moving the charger to this weekend everyone okay with that done then,decision
scrap the old plan we start fresh from day after tomorrow only,decision
whom do we call if the gym is shut,question
by the way i've decided to quit and look for something better you know,decision
you know the bike's tyre looks completely worn out,risk
the parcel finally got delivered to the bank,info
hey insurance claim got approved for the full amount,info
let's move the interview to this evening na,decision
um is the offer on the presentation still valid,question
i miss home food yaar,ordinary
it's settled my brother pays for the documents this time,decision
arre just scrolling reels you know,ordinary
um the teacher said the office is shifting to the new building,info
okay so did you watch the food yesterday,ordinary
you know i'm skeptical this is is going to work out,decision
um instead of buying let's just rent the report,decision
i smell something burning from the kitchen only,risk
listen the coffee here is decent,ordinary
you know i'll follow up with the delivery guy about the class,task
so tired today man right,ordinary
i'll pick up the documents from the market on my way back actually,task
final call we're skipping the wedding this time only,decision
we decided to cancel the meeting na,decision
arre the refund of 2000 rupees got credited today,info
don't eat that it's been out since friday only,risk
arre update my boss cleared the interview,info
okay so that was a great match,ordinary
actually i'll call ankit thursday about the report,task
do you know what time the grocery store closes,question
moving the rent to wednesday everyone okay with that done then,decision
low balance alert came twice something's wrong with the account right,risk
so good morning everyone right,ordinary
somebody left the gate open all night,risk
um the landlord is getting getting discharged thursday morning,info
um does anyone know where i kept the documents,question
actually kids were playing near the main road again only,risk
i'll follow up with the plumber about the flight you know,task
actually let's meet at 1030 not 1030 actually,decision
the inverter battery is swelling up don't touch it you know,risk
moving the assignment to thursday everyone okay with that done then,decision
um just scrolling scrolling reels,ordinary
it's settled aunt seema pays for the presentation this time,decision
got the confirmation the parcel ships tuesday,info
okay so i'm secondguessing this whole plan,decision
did you notice the milk has gone bad,risk
what time does the gym open on tuesday,question
did you notice the gas smells weird only,risk
the landlord got selected for the job,info
pending item is to pick up the medicine don't let me forget,task
you know the meeting venue changed to the clinic,info
you know rahul said the flight got delayed,info
can you find a good deal on the presentation,question
i'm skeptical this is going to work out,decision
moving the documents to wednesday everyone okay with that done then,decision
so someone has to book the tickets before the wedding,task
what a boring day na,ordinary
i need to call the plumber before 530,task
news says the school metro line opens friday,info
okay so moving the photos to friday everyone okay with that done then,decision
okay then sunday 4 pm is locked for the review,decision
the plumber hasn't picked up the phone since 1030,risk
low balance alert came twice twice something's wrong with the account,risk
i'll transfer more than expected to my brother by thursday only,task
so i'll send the documents by saturday,task
don't forget to pick up the medicine,task
so our slot at the school got moved to 530,info
which bus goes to the clinic,question
uh we decided to cancel the appointment,decision
someone has to book the tickets before the class,task
street dogs near the airport looked aggressive today,risk
our slot at the gym got moved to early morning,info
um my brother hasn't picked up the phone since 8 pm,risk
by the way the food was really good,ordinary
rahul said the wire is sparking please look at it actually,risk
arre the inverter battery is swelling up don't touch it,risk
the internet banking otp came without me me doing anything,risk
did you notice the tap is leaking badly,risk
by the way the call venue changed to the service center you know,info
so got the confirmation the rent ships monday,info
listen the salary got credited early this month you know,info
so whom do we call if the airport is shut,question
can you look up the number for the bank,question
hey the review venue changed to the market right,info
by the way news says the pharmacy metro line opens this weekend,info
i'll pick up the assignment from the pharmacy on my way back right,task
by the way make sure the parcel reaches the delivery guy by 1030,task
is the service center open on tonight or or not,question
the train is running late next week,info
i think the milk has gone bad you know,risk
by the way is the restaurant open on monday or not,question
okay so the electrician shifted to the new place last week actually,info
scrap the old plan we start start fresh from tomorrow,decision
so watch out the wire is sparking,risk
so could you find out the fees for the flight,question
the teacher's fever isn't coming down since tonight,risk
this tea is perfect,ordinary
our booking at the metro station is confirmed for this evening only,info
okay so how do we get to the bank from here,question
actually moving the charger to monday everyone okay with that done done then only,decision
listen how long does it take to reach the gym,question
actually i smell something burning from the kitchen,risk
let's cut the budget for the assignment by half of it,decision
good morning everyone actually,ordinary
uh acha okay yaar,ordinary
rahul is getting discharged day after tomorrow morning you know,info
should we take a cab or the metro to the clinic,question
you know we'll deal with it eventually you know,task
do you know know what time the clinic closes,question
listen how many people are coming to the checkup right,question
we really need to address this at some point,task
actually let's meet at 7 in the evening not 9 am,decision
remind me to collect the laundry friday actually,task
is there a way to reschedule the wedding,question
listen that meme was hilarious yaar,ordinary
i'll send the charger by sunday you know,task
arre watch out the balcony railing is loose,risk
so let's cancel the cab and take the train,decision
how much did we pay for the charger last time yaar,question
still have have to confirm the booking with the office,task
i don't know if that's going to hold up,decision
actually the internet banking otp came without me doing anything,risk
um careful the door is unlocked right,risk
final call we're we're skipping the checkup this time,decision
arre watch out the stove is still on,risk
is the gym open on sunday or or not,question
let me finish the report tonight and send it over,task
the pharmacy is running a big sale till tonight,info
the delivery guy is coming down wednesday for the review,info
hey the strike is over buses are back from thursday,info
arre they announced a holiday on day after tomorrow,info
by the way hey the wire is sparking someone should check,risk
by the way mom hasn't picked up the phone since 8 pm,risk
listen this tea is perfect right,ordinary
got the confirmation the tickets ships thursday,info
actually i'll transfer half of it to the landlord by tomorrow,task
how much did we pay for the parcel last time na,question
listen i miss home food,ordinary
our booking at the grocery store is confirmed for tomorrow,info
listen you take care of the form and i'll handle the rest,task
listen let's split the cost of the invoice,decision
um somebody has to deal with this at some point,task
actually the plumber's fever isn't coming down since wednesday,risk
the new timings for the the gym are 7 in the evening to 4 pm,info
whom do we call if the metro station is shut you know,question
by the way insurance claim got approved for the full amount,info
let's cut the budget for the invoice invoice by more than expected,decision
okay so don't forget to water the plants,task
how many people are coming to the review right,question
still have to confirm the the booking with the bank,task
task for thursday is to collect the laundry yaar,task
did you see how crowded the clinic was was only,ordinary
what was the address aunt seema sent,question
who should i contact about the parcel,question
how do we get to the office from here,question
i'll follow up with with dr mehta about the flight,task
you know okay then day after tomorrow 530 is locked for the party,decision
okay so the pressure cooker whistle whistle is stuck be careful,risk
uh the delivery guy confirmed the appointment is at 4 pm you know,info
have to submit the medicine before the flight,task
hey the exam got postponed next week,info
so lol na,ordinary
actually let's meet at noon not 8 pm,decision
the rent finally got delivered to the bank only,info
how long does it take to reach the restaurant,question
so i'm worried dr mehta sounded really unwell on the call,risk
our slot at the metro station got moved to 530,info
could you find out the fees for the interview you know,question
remind me to book the tickets day after tomorrow,task
i'm supposed to send the keys to priya today,task
did anyone ask the plumber about the medicine,question
um should we take a a cab or the metro to the pharmacy,question
you know arre wah nice you know,ordinary
um the results are out tonight,info
listen the teacher is getting discharged wednesday morning,info
so let's split the cost of the presentation right,decision
have to submit the photos before the review,task
okay then next week 1030 is locked for the class,decision
hey the new phone phone looks nice though,ordinary
arre this song is stuck in my head,ordinary
you know low balance alert came twice something's wrong with the account,risk
our slot at the restaurant got moved to 530,info
i need to water the plants before 9 am,task
uh lol,ordinary
um i'll follow up with mom about the review only,task
by the way need to book a cab for noon,task
so the coffee here is decent,ordinary
we'll attend to it later later i guess,task
you know long time no see yaar,ordinary
the refund of a lot got credited today,info
actually yeah i know right,ordinary
how long does does it take to reach the market,question
so i'm worried the delivery guy sounded really unwell on the call,risk
my boss said the meeting got cancelled you know,info
does anyone know where i kept the laptop,question
fine let's not invite the landlord then,decision
by the way i need to pick up the medicine before 1030,task
um just heard that the office is shifting to the new building right,info
um i think the gas smells weird,risk
so don't eat that it's been out since sunday actually,risk
actually where do we submit the parcel,question
the electrician texted that the review is is happening at the gym,info
let's cancel the cab and take the train only,decision
can can you return the library books when you get time,task
arre we are shifting the wedding from tomorrow to thursday,decision
um is the market open on wednesday or not,question
um low balance alert came twice something's wrong with the account,risk
so the meeting venue changed to the service center,info
actually we'll do the wedding first and recharge the phone after,decision
actually let's meet at early morning not 1030,decision
um someone has to pick up the medicine before the call,task
arre actually let's meet at 530 not noon,decision
let's drop the idea idea of the party this month right,decision
um the call venue changed to the restaurant,info
so we'll deal with it eventually,task
so the medicine expired last month don't take it only,risk
can somebody check the status of the photos,question
someone has to renew the insurance before the class,task
um nothing interesting on tv these days actually,ordinary
we're postponing the review to tomorrow,decision
i'll pick up the photos from the service center on my way back,task
arre actually let's meet at early morning not 8 pm,decision
listen part of me thinks this won't work,decision
arre what was the address priya sent,question
the strike is over buses are back from tomorrow na,info
uh the internet banking otp came without me doing anything,risk
arre note it down we must call the plumber by wednesday,task
good morning morning everyone,ordinary
okay so what did the doctor say about the reports,question
uh watch out the door is unlocked,risk
so hey the floor is wet someone should check actually,risk
hey i'll call priya wednesday about the keys,task
arre got the confirmation the documents ships this evening,info
okay so instead of buying let's just rent the keys,decision
did anyone ask sarah about the photos yaar,question
the ceiling fan fan is wobbling badly get it checked,risk
arre which bus goes to the grocery store,question
i'll follow up with my boss about the checkup,task
we are shifting the flight from this weekend to friday,decision
my boss's fever isn't coming down since tomorrow actually,risk
you know who should i contact about the rent,question
i'll transfer a lot to dad by this weekend,task
we agreed to keep the checkup at the grocery store itself,decision
that link ankit forwarded looks like a scam yaar,risk
um we'll do the class first and call the plumber after only,decision
the deadline for the photos moved to friday,info
okay so our slot at the restaurant got moved to noon,info
you know let's book the bank before the prices go up,decision
okay so did you see how crowded the airport was,ordinary
i'll call ankit friday about the tickets,task
is the bank open on next week or not,question
actually how much did we pay for the tickets last time right,question
let's let's do the checkup at noon instead,decision
arre she sings really well,ordinary
listen priya reached safely an hour ago,info
listen dr mehta's fever isn't coming down since sunday,risk
the inverter battery is swelling up don't touch it,risk
how many people are coming to the appointment only,question
they announced a holiday on tomorrow,info
okay so acha okay,ordinary
by the way results came and she passed with distinction,info
what time does the pharmacy open on friday,question
arre the bike's tyre tyre looks completely worn out,risk
actually i think the tap is leaking badly,risk
actually the deadline for the medicine moved to sunday,info
can you find a good deal on the report,question
someone needs needs to sort this out na,ordinary
arre the deadline for the rent moved to wednesday,info
need to book a cab for 1030 right,task
street dogs near the bank looked aggressive today you know,risk
i had had biryani for lunch,ordinary
um yeah,ordinary
the new timings for the school are noon to 8 pm,info
actually let's meet at 4 pm not 7 in the evening,decision
actually the bike's tyre looks completely worn out,risk
you know what time does the restaurant open on this evening,question
so let's move the checkup to this evening,decision
the landlord increased the rent by 500 rupees,info
i'm supposed to send the the report to the landlord today na,task
let's cut the budget for the tickets by 500 rupees,decision
dr mehta is getting discharged next week morning,info
that actor is so good in in the match yaar,ordinary
arre should we take a cab or the metro to to the school you know,question
i think the door is unlocked,risk
what did the doctor say about the reports you know,question
someone has to collect the laundry before the flight,task
the pharmacy is running a big sale till this weekend,info
is there a way to reschedule the checkup,question
pending item is to collect the laundry don't let me forget actually,task
you know fine let's not invite my brother then,decision
my boss shifted to the new place last week,info
actually final call we're skipping the wedding this time,decision
i think the wire is sparking,risk
uh careful the iron was left plugged in yaar,risk
careful the door is unlocked,risk
i'll follow up with my brother about the class,task
by the way did you see how crowded the gym was,ordinary
uh did you notice the floor is wet,risk
so kids were playing near the main road again,risk
okay so i'll transfer the full amount to dr mehta by day after tomorrow,task
sarah shifted to the new place last week,info
actually what's up,ordinary
is there a way to reschedule the party right,question
the medicine expired last month don't don't take it,risk
kids were playing near the main road again yaar,risk
you know the plumber hasn't picked up the phone since 1030 na,risk
hahaha good one,ordinary
my boss's fever isn't coming down since next week,risk
i'll call dr mehta monday about the keys,task
uh yeah i know right,ordinary
listen i love this place,ordinary
we agreed to keep the party at the school itself right,decision
we'll do the trip first and pay the electricity bill after,decision
long time time no see only,ordinary
okay so i've decided to quit and look for something better,decision
the delivery guy said the school is closed,info
i love this place only,ordinary
okay so how do we get to the gym from here,question
the report finally got delivered to the clinic,info
i'm worried our neighbour sounded really unwell on the call,risk
listen she sings really well,ordinary
let's go ahead with rahul's suggestion,decision
the invoice finally got delivered to the office,info
the pressure cooker whistle is stuck be careful yaar,risk
by the way yeah i know right,ordinary
um first thing sunday morning i'll send the email,task
the strike is over buses are back from wednesday,info
haha that's funny you know,ordinary
my boss got selected for the job,info
okay so the strike is over buses are back from wednesday,info
remind me to water the plants wednesday,task
i'm fine thanks na,ordinary
so that link aunt seema forwarded looks like a scam,risk
arre it's settled the delivery guy pays for the charger this time,decision
update aunt seema cleared the interview,info
i'm worried mom sounded really unwell on the call right,risk
can you find a good deal on the parcel,question
let's cut the the budget for the rent by 2000 rupees,decision
okay so first thing thing tuesday morning i'll call the plumber,task
the landlord texted that the wedding is happening at the grocery store,info
i'll follow up with mom about the party,task
i'm supposed to send the laptop to the teacher today,task
um let's split the cost of the tickets,decision
um how much much did we pay for the laptop last time,question
uh the internet banking otp came without me doing anything na,risk
my brother confirmed the flight is at noon,info
let me finish the presentation tonight and send it over,task
listen can you check when the flight starts only,question
listen hmm let me think,ordinary
um the food was really good,ordinary
arre we'll attend attend to it later i guess,ordinary
the plumber got selected for the job,info
by the way yeah i know right you know,ordinary
by the way the delivery guy is getting discharged saturday morning,info
actually ankit said the brakes feel loose loose please look at it only,risk
arre priya got selected for the job,info
so can somebody check the status of the rent,question
still have to confirm the booking with the grocery store,task
so instead of buying let's just rent the medicine,decision
you know the plumber texted that the meeting is happening at the office yaar,info
actually i love this place only,ordinary
hey the internet banking otp came without me doing anything right,risk
the train is running late tomorrow,info
okay so don't eat that it's been out since this evening,risk
did anyone ask priya about the report,question
um that was a great match right,ordinary
dad's fever isn't coming down since monday,risk
listen we're switching to the new plan from tuesday,decision
i said i'd help the electrician with the report monday,task
is the bank open on saturday or not,question
is there a way to reschedule the wedding wedding right,question
arre haha that's funny,ordinary
um the landlord is coming down this evening for the class,info
you know the teacher texted that the checkup is happening at the office,info
arre is it possible to change the date of the review,question
what was the address my boss sent,question
so is the metro station open on thursday or not,question
so the the traffic was crazy as usual,ordinary
listen there's a crack on the wall near the pharmacy getting bigger you know,risk
what time does the metro station open on friday actually,question
by the way what a boring day actually,ordinary
listen there's a crack on the wall near the clinic getting bigger,risk
uh we should hang out sometime yaar,ordinary
let's drop the idea of the the trip this month,decision
i'm worried my boss sounded really unwell on the call only,risk
uh did you notice the floor is is wet actually,risk
uh he's always late anyway,ordinary
actually news says the market metro line opens tomorrow,info
actually task for saturday is to collect the laundry,task
okay so who should i contact about the rent only,question
let's drop the idea of the flight this month,decision
watch out the wire is sparking,risk
can you look up the number for the grocery store,question
it's settled aunt seema pays for the charger this time yaar,decision
listen what a boring day,ordinary
listen watch out the floor is wet yaar,risk
not sure who's handling that but someone should actually,ordinary
news says the office metro line opens friday yaar,info
let's book the pharmacy before the prices go up,decision
actually this song is stuck in my head,ordinary
by the way did you see how crowded the airport was,ordinary
uh our booking at the school is confirmed for thursday,info
listen note it down we must return the library books by this evening,task
this song is is stuck in my head,ordinary
we really need to address this at some some point,task
i have to drop the report at the office sunday only,task
actually sarah said the office is shifting to the new building na,info
uh how long does it take to reach the airport only,question
okay final we're going with the cheaper option you know,decision
you know there's a crack on the wall near the market getting bigger,risk
hey what time does the restaurant open on tonight,question
so i'll send the medicine by tonight,task
aunt seema got selected for the job,info
by the way we decided to cancel the appointment,decision
so moving the report to saturday everyone okay with that done then,decision
the bike's tyre looks completely worn out,risk
does anyone know where i kept the keys,question
by the way they announced a holiday on sunday,info
you take care of the charger and i'll handle the rest,task
my brother confirmed the class is at 8 pm,info
so scrap the the old plan we start fresh from monday,decision
hey the inverter battery is swelling up don't touch it,risk
uh moving the report to tonight everyone okay with that done then na,decision
the new timings for the grocery store are 8 pm to early morning,info
the landlord confirmed the class is at 8 pm,info
arre our booking at the office is confirmed for tuesday,info
by the way let me set a reminder to water the plants,task
arre low balance alert came twice something's wrong with the account,risk
by the way does anyone know where i kept the rent,question
do you know what time the the service center closes,question
hey the restaurant is running a big sale till tomorrow,info
you know the electrician said the meeting got cancelled,info
i will share the details with ankit after the trip actually,task
so note it down we must book the tickets by day after tomorrow,task
uh remind me to collect the laundry wednesday,task
let's move the party to monday,decision
fine let's not invite the teacher then,decision
that link the electrician forwarded looks like a scam,risk
let me finish the documents tonight and send it over,task
uh yeah,ordinary
okay so is it possible to change the date of the review,question
i need to submit the form before early morning,task
uh i think the milk has gone bad,risk
uh the dog did the funniest thing today,ordinary
so can somebody check the status of the assignment,question
so is it possible to change the date of of the meeting,question
is the market open on friday or not actually,question
so i'll get it done and update you by 1030,task
is it possible to change the date of the appointment,question
actually i said i'd help my brother with the charger tuesday,task
so okay then tuesday 530 is locked for the trip,decision
the plumber texted that the trip is happening at the bank,info
the road is blocked this evening,info
uh oh nice only,ordinary
how many people are coming to the trip,question
our booking at the clinic is confirmed for thursday you know,info
okay so that actor is so so good in the weather,ordinary
actually let me set a reminder to return the library books,task
we really need to address this at some point,ordinary
actually hmm let me think only,ordinary
hey let's drop the idea of the flight this month,decision
careful the gas smells weird,risk
insurance claim got approved for 500 rupees,info
news says the bank metro line opens this evening,info
you know the inverter battery is swelling up don't touch it,risk
okay so oh nice,ordinary
listen how much did we pay for the assignment last time,question
there's a crack crack on the wall near the pharmacy getting bigger,risk
let's go ahead with the delivery guy's suggestion,decision
got the confirmation the medicine ships tomorrow na,info
by the way moving the parcel to wednesday everyone okay with that done then,decision
so pending item is to renew the insurance don't let me forget,task
uh did you watch that show yesterday you know,ordinary
uh fine let's not invite dr mehta then,decision
let's split the cost of the parcel na,decision
actually what's what's up,ordinary
let's do the party at 7 in the evening instead,decision
hey the stove is still on someone someone should check,risk
arre first thing tonight morning i'll submit the form actually,task
okay then this weekend 7 in the evening is locked for the appointment,decision
uh the landlord increased the rent by a lot,info
let's move the class to saturday,decision
ankit hasn't picked up the phone since 4 pm actually,risk
aunt seema is getting discharged this evening morning,info
you know actually let's let's meet at 4 pm not 9 am,decision
by the way the delivery guy's fever isn't coming down since tuesday,risk
whom do we call if the pharmacy is shut you know,question
okay so should we take a cab or the metro to the clinic,question
uh oh nice,ordinary
i'll send the rent by next week only,task
our slot at the office got moved to 8 pm,info
so the new timings for the office are 9 am to lunchtime,info
can you find a good deal on the report actually,question
i'll get it done and update you you by lunchtime,task
hey yeah,ordinary
um i'm supposed to send the charger to the electrician today right,task
just scrolling reels na,ordinary
there's water leaking near the switchboard yaar,risk
nothing interesting on tv tv these days you know,ordinary
this tea is perfect actually,ordinary
the teacher texted that the flight is happening at the market,info
listen so tired today today man,ordinary
um oh nice only,ordinary
arre what a boring day right,ordinary
the market is running a big sale till wednesday,info
we agreed to keep the flight at the metro station itself,decision
you know our neighbour texted that the interview is happening at the service center,info
arre can you look up the number for the bank,question
can someone find out if the school is open friday,question
can you book the tickets when you get time,task
rahul rahul said the floor is wet please look at it,risk
okay so how long does it take to reach the grocery store,question
arre we'll sort it out one of these days,task
there's a crack on the wall near the airport getting bigger,risk
actually this tea is perfect,ordinary
by the way we'll sort it out one of these days,ordinary
okay so should we take a cab or the metro to the market,question
i said i'd help the electrician with the photos tonight,task
um is there a way to reschedule the meeting,question
okay so instead of buying let's just rent the report,decision
um still have to confirm the booking with the metro station,task
listen dr mehta said the flight got delayed yaar,info
watch out the wire is sparking right,risk
you know nothing nothing much just chilling,ordinary
okay so let's go ahead with priya's suggestion,decision
by the way can you find a good deal on the presentation yaar,question
i'll pick up the assignment from the gym on my way back,task
so nothing much just chilling only,ordinary
listen let's drop the idea of the appointment this month,decision
our booking at the school is confirmed for tonight,info
arre the presentation finally got delivered to the market,info
have to submit the tickets before the the wedding,task
our booking at the airport is confirmed for for thursday,info
hey dr mehta is coming down tuesday for the wedding,info
the food was really good,ordinary
um got the confirmation the tickets ships saturday,info
by the way i've decided to quit and look for something better,decision
okay so what a boring day only,ordinary
so can someone find out if the pharmacy is open next week,question
dr mehta is coming down this weekend for the wedding,info
the electrician got selected for the job actually,info
whom do we call if the bank is shut only,question
the bank is running a big sale till saturday,info
um the inverter battery is swelling up don't touch it,risk
remind me to recharge the phone this evening yaar,task
the teacher hasn't picked up the the phone since 1030,risk
actually the delivery guy got selected for the job only,info
uh this tea is perfect,ordinary
let me me set a reminder to submit the form,task
i'm not totally sure this is the right call actually,decision
we'll take the morning train instead of the flight only,decision
by the way dr mehta texted that the wedding is happening at the pharmacy,info
um that link the landlord forwarded looks like a scam only,risk
okay so yeah,ordinary
we should hang out sometime actually,ordinary
listen i don't think this is a good idea,decision
actually i think the door is unlocked,risk
not sure who's handling that but someone should,task
which bus goes to the restaurant actually,question
hey the stove is still on someone should check only,risk
the power will be cut tonight,info
haha that's funny actually,ordinary
okay so lol,ordinary
arre the bike's tyre looks looks completely worn out right,risk
um we're postponing the checkup to this weekend,decision
uh the pressure cooker whistle is stuck be careful,risk
someone has to book the tickets before the review,task
listen there's a crack on the wall near the office getting bigger,risk
actually let's meet at at 8 pm not 4 pm,decision
um scrap the old plan we start fresh from friday,decision
arre let's go ahead with dad's suggestion,decision
how do we get to the service center from here you know,question
okay so the medicine expired last month don't take it right,risk
i'm supposed to send the documents to rahul today,task
so just heard that the power will be cut,info
actually hahaha good one actually,ordinary
actually we should hang out sometime,ordinary
okay so whom do we call if the bank is shut,question
um the gym was empty today right,ordinary
scrap the old plan we start start fresh from sunday,decision
hey we agreed to keep the interview at the bank itself,decision
uh moving the assignment to tomorrow everyone okay with that done then,decision
listen the party venue changed to the market,info
uh final call we're skipping the interview this time yaar,decision
okay then friday noon is locked for the appointment,decision
okay so just heard that the train is running late,info
uh what time does the restaurant open on saturday,question
we decided to cancel the class right,decision
um i'll call the delivery guy next week about the charger,task
hey did you watch that show yesterday,ordinary
my brother said the school is is closed,info
i said said i'd help priya with the keys sunday,task
listen let's drop the idea of the interview this month only,decision
i smell something burning from the kitchen right,risk
you know anyway how was your day yaar,ordinary
you know can you recharge the phone when you get time,task
i need to return the library books before 1030 na,task
remind me to water the plants this weekend,task
listen let's book the market before the prices go up na,decision
they announced a holiday on tonight,info
have to submit the rent before the interview,task
um um which bus goes to the pharmacy,question
our booking at the gym is confirmed for tomorrow,info
we should hang hang out sometime,ordinary
the the electrician said the meeting got cancelled yaar,info
so the internet banking otp came without me doing anything,risk
ankit said the school is closed,info
someone needs to sort this out you know,task
the extension board is overheating unplug it yaar,risk
okay so can someone find out if the clinic is open saturday,question
you know what did the doctor say about the reports,question
we're not renewing the subscription anymore actually,decision
let's split the cost of the rent,decision
the plumber hasn't picked up the phone since early morning,risk
priya texted that the wedding is happening at the market,info
so the extension board is overheating unplug it only,risk
actually it's settled our neighbour pays for the keys this time,decision
so the refund of the full full amount got credited today,info
the deadline for the photos moved to saturday,info
by the way how long does it take to reach the bank,question
let's do the wedding at 7 in the evening instead,decision
we're postponing the interview to monday,decision
the medicine finally got delivered to the gym,info
um our booking at the metro station is confirmed for thursday only,info
let's split the cost of the the photos,decision
actually let's meet at lunchtime not 530,decision
um final call we're skipping the class this time,decision
by by the way oh nice,ordinary
our neighbour reached safely an hour ago na,info
actually somebody should look into that soon,task
priya hasn't picked up the phone since since 530,risk
what documents do they need at the bank actually,question
priya is getting discharged monday morning,info
aunt seema is getting discharged next week morning,info
did you see how crowded the bank was,ordinary
actually how many people are coming to the meeting,question
okay so that that actor is so good in that movie,ordinary
sarah is getting discharged tonight morning right,info
the clinic is running a big sale till tomorrow right,info
my boss is getting discharged wednesday morning,info
by the way how long does it take to reach the school,question
so what time does the airport open on this evening,question
you know could you find out the fees for the wedding,question
we're postponing the wedding to this evening,decision
street dogs near the gym looked aggressive today only,risk
the extension board is overheating unplug it na,risk
so good morning everyone only,ordinary
by the way what did the doctor say about the reports na,question
uh the form form finally got delivered to the market,info
arre my back hurts from sitting all day actually,ordinary
listen the power will be cut thursday,info
can you check when the flight starts,question
listen how many people are coming to the call,question
uh i need to recharge the phone before 8 pm,task
nothing much just chilling only,ordinary
what's up actually,ordinary
i need to collect the laundry before noon,task
i'll send the documents by thursday,task
you know remind me to recharge the phone day after tomorrow,task
how do we get to the metro station from here,question
arre street dogs near the metro station looked aggressive today,risk
the ceiling fan is wobbling badly get it checked,risk
did anyone ask our neighbour about the tickets right,question
um anyway how was your day,ordinary
task for monday is to send the email,task
we're switching to the new plan from sunday,decision
so nothing much much just chilling,ordinary
by the way my back hurts from sitting all day yaar,ordinary
got the confirmation the invoice ships tomorrow actually,info
by the way the bike's tyre looks completely worn worn out,risk
what was the address our neighbour sent only,question
arre we're postponing the meeting to wednesday,decision
can you collect the laundry when you get time,task
don't eat that it's been out since this weekend yaar,risk
can someone find out if the bank is open tuesday,question
what did the doctor say about the reports right,question
so the meeting got cancelled tomorrow,info
by the way good morning everyone,ordinary
actually i will share the details with the teacher after the checkup,task
you take care of the photos and i'll handle the rest,task
so how much did we pay for the parcel last time,question
you know somebody left the gate open all night,risk
actually let's drop the idea of the interview this month,decision
watch out the tap is leaking badly,risk
our slot at the market got moved to 8 pm,info
we agreed to to keep the wedding at the service center itself,decision
hey i'll get it done and update you by lunchtime,task
we still have to submit the form,task
i will share the details with our neighbour after the appointment,task
actually the salary got credited early this month actually,info
um it's it's settled dr mehta pays for the keys this time,decision
the new timings for the metro station are 530 to 530,info
okay so aunt seema said the school is is closed,info
so we're switching to the new plan from friday,decision
actually we're postponing the meeting to monday only,decision
scrap the old plan we start fresh from sunday you know,decision
let's cut the budget for the tickets by more than expected,decision
okay so hahaha good one actually,ordinary
so can someone find out if the bank is open wednesday,question
hey can you look up the number for for the pharmacy right,question
someone has to call the plumber before the checkup,task
by the way the electrician hasn't picked up the phone since 4 pm,risk
hey did you notice the floor is wet,risk
that meme was hilarious hilarious only,ordinary
by the way the salary got credited early this month yaar,info
listen is the offer on the photos still valid,question
by the way the salary got credited early this month,info
hey the refund of 500 rupees got credited today actually,info
okay then sunday 1030 is locked for the trip,decision
you know kids were playing near the main road again,risk
you know dad hasn't picked up the phone since early morning,risk
that that actor is so good in the match,ordinary
um what did the doctor say about the reports,question
so the deadline for the assignment moved to monday you know,info
actually we'll do the appointment first and pick up the medicine after,decision
our slot at the bank got moved to noon,info
i've i've decided to quit and look for something better,decision
so the new phone looks nice though,ordinary
you know we are shifting the trip from this weekend to tuesday yaar,decision
someone has to return the library books before the flight,task
hey hmm hmm yeah makes sense,ordinary
listen still have to confirm the booking with the metro station,task
hahaha good good one,ordinary
uh i have to drop the documents at the gym saturday,task
our neighbour is getting discharged this weekend morning,info
um i miss home food,ordinary
listen have to submit the photos before the checkup,task
so which bus goes to the school,question
actually nothing interesting on tv these days,ordinary
arre that actor is so good in cricket,ordinary
what time does the bank open on monday right,question
it's settled the landlord pays for the report this time,decision
so the salary got credited early this month,info
you know the food was really good,ordinary
pending item is to call the plumber don't let me forget,task
by the way that meme was hilarious,ordinary
um the bike's tyre tyre looks completely worn out,risk
did you notice the floor is wet na,risk
i have my doubts about this,decision
scrap the old plan we start fresh from wednesday,decision
i have to drop the photos at the bank tomorrow right,task
moving the laptop to friday everyone okay with that done then,decision
actually let's meet at 530 not 1030 you know,decision
arre good morning everyone,ordinary
listen the delivery guy got selected for the job,info
our neighbour's fever isn't coming down since this evening right,risk
still have to confirm the booking with the airport,task
don't eat that it's been out since friday yaar,risk
so i said i'd help our neighbour with the invoice this evening,task
i'll transfer the full amount to ankit by saturday,task
um have to submit the photos before the checkup,task
my back hurts from sitting all day you know,ordinary
let's cut the budget for the laptop by half of it,decision
i think the brakes feel loose na,risk
my brother texted that the interview is happening at the bank,info
is the gym open on this weekend or not,question
actually i'm worried aunt seema sounded really unwell on the call right,risk
i'll transfer the full amount to rahul by tomorrow,task
actually long time no see,ordinary
did anyone ask my brother about the form,question
scrap the old plan we start fresh from sunday,decision
first thing this weekend morning i'll pay the electricity bill,task
so the landlord reached safely an hour ago,info
first thing thing this evening morning i'll recharge the phone,task
um what time does the bank open on tonight,question
we'll do the review first and recharge the phone after,decision
don't eat that it's been out since sunday,risk
listen do you know what time the clinic closes na,question
she she sings really well only,ordinary
okay so can somebody check the status of the keys,question
um kids these days i tell you right,ordinary
arre let's cancel the cab and take take the train yaar,decision
um is the grocery store open on friday or not,question
uh pending item is to fix the tap don't let me forget,task
my boss's fever isn't coming down since sunday,risk
okay so arre wah nice,ordinary
sarah is getting discharged next week morning,info
i'll pick up the medicine from the grocery store on my way back you know,task
um haha that's funny na,ordinary
you take care of the form and i'll handle the rest,task
i'm supposed to send the assignment to rahul today yaar,task
the landlord said the office is shifting to the new building only,info
uh we really need to address this at some point,ordinary
someone has to water the plants before the checkup,task
uh just heard that the flight got delayed,info
you know he's he's always late anyway,ordinary
did you notice the gas smells weird you know,risk
you know my back hurts from sitting all day,ordinary
sarah's fever isn't coming down since wednesday only,risk
arre let me finish the assignment tonight and send it over,task
hey is there a way to reschedule the trip,question
dad shifted to the new place last week,info
you know we'll do the meeting first and collect the laundry after,decision
mom confirmed the meeting is at 4 pm,info
actually let's book the market before the prices go up,decision
by the way does anyone know where i kept the report,question
listen instead of buying let's just rent the report,decision
my boss got selected for the job you know,info
listen can you look up the number for the gym right,question
actually whom do we call if the pharmacy is shut,question
so someone has to call the plumber before the review yaar,task
by the way did anyone ask dr mehta about the parcel,question
our neighbour reached safely an hour ago,info
the exam got postponed next week,info
is the airport open open on next week or not,question
how do do we get to the grocery store from here,question
how much did we pay for the report last time,question
so sarah texted that the class is happening at the market na,info
hmm let me think only,ordinary
update mom cleared the interview,info
listen the teacher texted that the party is happening at the pharmacy,info
what a a boring day,ordinary
i will share the details with the electrician after the interview,task
actually street dogs near the restaurant looked aggressive today,risk
actually good good morning everyone,ordinary
hey the geyser was on the whole night that's risky,risk
actually should we take a cab or the metro to the gym,question
hey let's cancel the cab and take the train,decision
someone has to send the email before the flight,task
that link the teacher forwarded looks like a scam,risk
don't forget to renew the insurance,task
street dogs near the gym looked aggressive today,risk
uh that link the landlord forwarded looks like a scam,risk
actually just heard that the the road is blocked,info
arre the electrician reached safely an hour ago,info
note it down we must book the tickets by next week,task
watch out the brakes feel loose,risk
we are shifting the flight from tuesday to wednesday,decision
the new timings for the grocery store are 530 to 4 pm,info
let's drop the idea of the review this month,decision
you know let's go ahead with the plumber's suggestion right,decision
you know still have to confirm the booking with the clinic,task
actually the electrician's fever isn't coming down since next week only,risk
fine let's not invite aunt seema then you know,decision
the the food was really good,ordinary
how many people are coming to the interview you know,question
actually let's meet at 9 am not 4 pm,decision
who should i contact about the photos,question
let's book the office before the prices prices go up right,decision
is there a way to reschedule the interview right,question
uh the new timings for the pharmacy are lunchtime to 9 am,info
let's cut the budget for the medicine by 500 rupees,decision
task for tomorrow is to pay the electricity bill,task
the new timings for the pharmacy are early morning to 9 am,info
we agreed to keep the trip at the clinic itself,decision
i need to book the tickets before 8 pm,task
actually i miss home food,ordinary
uh watch out the milk has has gone bad,risk
okay so which bus goes to the pharmacy right,question
hey i think the milk has gone bad,risk
okay then monday 7 in the evening is locked for the meeting,decision
listen the teacher hasn't picked up the phone since 4 pm,risk
let's go ahead with the landlord's suggestion,decision
um hey the wire is sparking someone should check,risk
i'm supposed to send the photos to my brother today,task
mom got selected for the job na,info
arre don't forget to water the plants,task
kids these days i tell you yaar,ordinary
have to submit the photos before the appointment,task
is the office open on this weekend or not,question
the salary got credited credited early this month right,info
we decided to cancel the appointment,decision
by the way is the offer on the parcel still valid,question
let's do the trip at lunchtime instead na,decision
yeah yaar,ordinary
where do we submit the documents,question
the electrician's fever isn't coming down since tonight na,risk
okay so note it down we must renew the insurance by this evening,task
by the way got the confirmation the form ships tomorrow you know,info
mom got selected for the job actually,info
actually did you notice the iron was left plugged in,risk
you know that was a great match you know,ordinary
actually anyway how was your day,ordinary
i'll pick up the form from the market on my way back,task
yeah i know right,ordinary
actually let's meet at 4 pm not 9 am,decision
the class venue changed to the restaurant,info
you know monsoon started early this year,ordinary
actually there's a crack on the wall near the metro station getting bigger,risk
it's settled my boss pays for the laptop this time,decision
let's move the review to tuesday actually,decision
ankit is coming down friday for the class,info
moving the presentation to this evening everyone okay with that done then only,decision
arre kids were playing near the main road again,risk
um arre wah nice,ordinary
which bus goes to the market,question
hey does anyone know where i kept the report,question
nothing interesting on tv these days actually,ordinary
did did you see how crowded the pharmacy was,ordinary
okay so street dogs near the airport looked aggressive today na,risk
by the way i'm fine thanks,ordinary
actually how many people are coming to the wedding,question
let me set a reminder to to recharge the phone only,task
is there a way to reschedule the party actually,question
okay so does anyone know where i kept the laptop,question
you know hmm let me think you know,ordinary
hey aunt seema reached safely safely an hour ago,info
okay so task for tomorrow is to book the tickets,task
hey did you watch the traffic yesterday,ordinary
arre i'll send the tickets by day after tomorrow,task
actually i said i'd help dr mehta with the medicine this weekend,task
is there a way to reschedule the class,question
we're postponing the wedding to saturday,decision
listen let's drop the idea of the review this month,decision
still have to confirm the booking with the service center,task
street dogs near the school looked aggressive today,risk
i love this this place,ordinary
um street dogs near the school looked aggressive today,risk
let's do the flight at 530 instead,decision
okay so is the offer on the laptop still valid,question
okay so so the train is running late next week,info
okay so i doubt that's going to go smoothly,decision
so we're postponing the appointment to this weekend,decision
so anyway how was your day,ordinary
can somebody check the status of the laptop,question
uh make sure the laptop reaches the electrician by 530 only,task
first thing friday morning i'll water the plants,task
so haha haha that's funny,ordinary
let's do the party at lunchtime instead,decision
the medicine expired last month don't take it,risk
don't forget to recharge the phone,task
so i'll send the assignment by by tonight,task
by the way can you find a good deal on the rent,question
hey task for thursday is to book the tickets,task
so there's water leaking near the switchboard actually,risk
so the refund of 1200 got credited today,info
hey that link our neighbour forwarded looks like a scam,risk
hey what did the doctor say about the reports,question
the internet internet banking otp came without me doing anything,risk
i'll pick up the keys from the pharmacy on my way back you know,task
my brother is coming down this weekend for for the party,info
i have to drop the medicine at the gym tomorrow,task
cool cool cool only,ordinary
hey the door is unlocked someone should check check you know,risk
okay so pending item is to book the tickets don't let me forget,task
you take care of the laptop and i'll handle the rest na,task
um that meme was hilarious,ordinary
by the way rahul hasn't picked up the phone since noon,risk
by the way no way really,ordinary
the gym was empty today you know,ordinary
we're postponing the flight to thursday,decision
just scrolling scrolling reels,ordinary
i said i'd help rahul with the assignment wednesday,task
listen kids were playing near the main road again,risk
um i had biryani for lunch,ordinary
insurance claim got approved for half of it only,info
our neighbour is coming down tomorrow for the meeting,info
listen the strike is over buses are back from thursday,info
uh don't forget to fix the tap,task
hey our booking at the gym is confirmed for this weekend,info
someone has to return the library books before the appointment,task
hey what a boring day,ordinary
i think the the milk has gone bad,risk
arre make sure the invoice reaches my boss by noon,task
i'm supposed to send the photos to the teacher today,task
okay so we're postponing the party to day after tomorrow,decision
did you see how crowded the office was,ordinary
that meme was hilarious yaar,ordinary
task for next week is to return the library books,task
um let's drop the idea of the flight this month,decision
uh we'll do the class first and return the library books after,decision
listen fine let's not invite the teacher then yaar,decision
hey hmm let me think yaar,ordinary
i'll follow up with dad about the call,task
you know hey the floor is wet someone should check,risk
i have to drop the invoice at the restaurant day after tomorrow,task
let's move the class to this evening,decision
you know we're postponing the wedding to tonight,decision
make sure the tickets reaches sarah by 9 am,task
can somebody check the status of the form,question
um need to book a cab for 8 pm,task
let me finish the laptop tonight and send it over,task
hey we'll take the morning train instead of the flight only,decision
uh the new timings for the clinic are noon to 9 am,info
hey the medicine expired last month don't take it,risk
moving the parcel to tonight everyone okay with that done then,decision
uh hmm yeah makes sense,ordinary
i i had biryani for lunch na,ordinary
we're switching to the new plan from tonight,decision
actually no way really,ordinary
uh that meme was hilarious,ordinary
so who should i contact about the photos,question
uh the deadline for the keys moved to this weekend yaar,info
okay so what a boring day day yaar,ordinary
okay so the pressure cooker whistle is stuck be careful yaar,risk
uh did you watch that movie yesterday,ordinary
news says the gym metro line opens saturday,info
you know i'll pick up the tickets from the airport on my way back,task
arre haha that's that's funny right,ordinary
arre where do we submit the parcel,question
the new timings for the bank are 7 in the evening to 8 pm,info
task for this weekend is is to collect the laundry,task
dad texted that the class is happening at the restaurant you know,info
hey have to submit the laptop before the trip,task
how many people are coming to the flight,question
actually we're not renewing the subscription anymore,decision
actually let's drop the idea of the interview this month you know,decision
did you see how crowded the gym was only,ordinary
low balance alert came twice something's wrong with the account only,risk
arre somebody left the gate open all night,risk
listen okay final we're going with the cheaper option,decision
anyway how was your day yaar,ordinary
let's cancel the cab and take the train right,decision
the gym was empty today,ordinary
dad's fever isn't coming down since since thursday,risk
so let's move the wedding to friday,decision
arre arre have to submit the tickets before the class,task
the coffee here is decent actually,ordinary
the new timings for the office are 9 am to 4 pm,info
the traffic traffic was crazy as usual,ordinary
is the clinic open on thursday or not,question
the appointment venue changed to the metro station,info
okay so this song is stuck in my head only,ordinary
you know note it down we must send the email by tonight,task
can you check when the wedding starts,question
so don't eat that it's been out since this weekend right,risk
we'll take the the morning train instead of the flight actually,decision
insurance claim got got approved for 500 rupees,info
hey instead of buying let's just rent the documents,decision
final call we're skipping the flight this time,decision
listen how are you doing,ordinary
moving the tickets to next week everyone okay with that done then,decision
that link the delivery guy forwarded looks like a scam,risk
hey sarah got selected for the job,info
um instead of buying let's just rent the form,decision
the traffic was crazy as as usual right,ordinary
is the offer on the tickets still valid you know,question
let me me set a reminder to renew the insurance,task
so the geyser was on the whole night that's risky actually,risk
did you see how crowded the grocery store was,ordinary
actually scrap the old plan we start fresh from this weekend,decision
i i miss home food,ordinary
listen we're not renewing the subscription anymore,decision
uh this song is stuck in my head,ordinary
hey still have to confirm the booking with the bank you know,task
okay so what was the address dr mehta sent,question
by the way how are you doing,ordinary
how are you doing only,ordinary
how much did we pay for the medicine last time,question
how long does it take to reach the market na,question
just heard that the results are out,info
can you check when the review starts,question
listen nothing interesting on tv these days,ordinary
arre let's go ahead with our neighbour's suggestion na,decision
the salary got got credited early this month,info
you know i think the balcony railing is loose,risk
actually we're switching to the new plan plan from next week,decision
listen can you collect the laundry when you get time,task
you know the gym was empty today,ordinary
arre i have to to drop the medicine at the clinic monday,task
uh update my boss cleared the interview you know,info
listen there's a a crack on the wall near the airport getting bigger,risk
i smell something burning from from the kitchen,risk
can somebody somebody check the status of the presentation,question
arre i miss home food,ordinary
you know i love this place,ordinary
okay then tomorrow 8 pm is locked for the class,decision
hey nothing interesting on tv these days,ordinary
task for this weekend is to send the email,task
actually the gym is running a big sale till this evening,info
uh news says the airport metro line opens this evening,info
um someone has to renew the insurance before the wedding,task
got the confirmation confirmation the keys ships saturday,info
by the way we should hang out sometime,ordinary
okay then monday 1030 is locked for the trip,decision
uh haha that's funny,ordinary
you know our neighbour said the office is shifting to the new building,info
so our slot at the metro station got moved to 9 am,info
you know don't eat that it's been out since friday,risk
nothing much just chilling you know,ordinary
the landlord increased the rent rent by half of it,info
hey we agreed to keep the call at the grocery store itself,decision
the pressure cooker cooker whistle is stuck be careful,risk
um you take care of the medicine and i'll handle the rest,task
the landlord confirmed the wedding is at 9 am,info
i need to renew the insurance before 8 pm,task
okay so that link mom forwarded looks like a scam,risk
you know fine let's not invite sarah then,decision
so task for this weekend is to pay the electricity bill,task
the deadline for the presentation moved to tomorrow,info
note it down we must return the library books by thursday actually,task
task for friday is to submit the form,task
just scrolling reels,ordinary
i'm skeptical this is going to work out you know,decision
the new timings for the airport are 9 am to 8 pm,info
hey the refund of half of it got credited today,info
listen did you notice the iron was left plugged in,risk
we agreed to keep the appointment at the clinic itself,decision
you know arre wah nice,ordinary
cool cool you know,ordinary
there's a crack on the wall near the service center getting bigger,risk
actually got the confirmation the documents ships this weekend right,info
our slot at the metro station got moved to 4 pm,info
can you look up the number for the service center,question
hey instead of buying let's just rent the photos,decision
you know this song is stuck in my head,ordinary
actually arre wah nice actually,ordinary
how are you doing actually,ordinary
hmm yeah makes sense na,ordinary
okay so yeah i know right,ordinary
i have to drop the rent at the gym monday,task
remind me to submit the form tomorrow na,task
arre the interview venue changed to the market,info
listen that actor is so good in the food,ordinary
is the airport open on sunday or not,question
um can you find a good deal on the documents,question
can you find a good deal on the documents,question
who should i contact about the documents yaar,question
somebody has to deal with this at some point na,task
you know i'm fine thanks,ordinary
listen careful the wire is sparking yaar,risk
by the way so tired today man,ordinary
our booking at the service center is confirmed for day after tomorrow,info
arre task for day after tomorrow is to book the tickets only,task
actually what was the address my brother sent,question
so tired today today man,ordinary
actually the clinic is running a big sale till this weekend,info
the pressure cooker whistle is is stuck be careful,risk
is it possible to change the date of the meeting actually,question
let me finish the keys tonight and send it over you know,task
not not convinced this plan works,decision
listen make sure the rent reaches the teacher by 8 pm,task
the ladder is shaky don't climb climb it alone,risk
uh the landlord said the wire is sparking please look at it,risk
kids were playing near the main road again right,risk
uh street dogs near the metro station looked aggressive today,risk
arre not sure who's handling that but someone should,ordinary
i had biryani for lunch na,ordinary
you know how do we get to the bank from here,question
that link the landlord forwarded looks like a scam,risk
could you find out the fees for the checkup,question
i i love this place actually,ordinary
got the confirmation the medicine ships monday,info
aunt seema said the iron was left plugged in please look at it,risk
arre arre so tired today man,ordinary
actually how do we get to the clinic from here,question
uh there's a crack on the wall near the service center getting bigger,risk
what documents do they need at the pharmacy na,question
i guess we'll figure something out,task
the prices went up again day after tomorrow,info
okay so the salary got credited early this month,info
nothing much just chilling actually,ordinary
okay so let let me finish the laptop tonight and send it over,task
by the way our slot at the airport got moved to 4 pm na,info
news says the clinic metro line opens saturday,info
so i had biryani for lunch,ordinary
got the confirmation the parcel ships wednesday,info
actually instead of buying let's just rent the parcel,decision
hey let's cut the budget for the laptop by half of it,decision
what time does the bank open on friday,question
the new timings for the restaurant are 9 am to 7 in the evening,info
the strike is over buses are back from thursday right,info
there's a crack on the wall near the gym getting bigger,risk
um the electrician confirmed the checkup is at lunchtime,info
um the restaurant is running a big sale till this weekend,info
did you see how crowded the airport was you know,ordinary
i need to book the tickets before noon,task
note it down we must recharge the phone by tomorrow,task
rahul is coming down tomorrow for the party,info
by the way the parcel finally got delivered to the metro station,info
arre can you find a good deal on the medicine na,question
instead of buying let's just rent the parcel actually,decision
can you find a good deal on the photos,question
we're we're switching to the new plan from tomorrow,decision
it's settled the landlord pays for the the laptop this time,decision
you know let's move the class to tuesday,decision
i'm worried rahul sounded really unwell on the call,risk
i'll pick up the keys from the gym on my way back,task
um so tired today man,ordinary
okay so nothing interesting on tv these days only,ordinary
don't forget forget to book the tickets,task
hey hey the ladder is shaky don't climb it alone,risk
the medicine medicine expired last month don't take it,risk
actually let's meet at early morning not 8 pm na,decision
arre the strike is over over buses are back from wednesday,info
arre watch out the tap is leaking badly you know,risk
actually don't forget to call the plumber,task
actually arre wah nice na,ordinary
task for saturday is to pick up the medicine,task
okay then sunday 9 am is locked for for the meeting,decision
okay so that link the plumber forwarded looks like a scam,risk
arre our slot at the service center got moved to 7 in the evening actually,info
uh the internet banking otp came without me doing anything actually,risk
um whom do we call if the market is shut,question
listen i'm i'm fine thanks,ordinary
can you look up the number for the airport,question
hey what documents do they need at the clinic,question
arre i'm skeptical this is going to work out,decision
um did anyone ask the teacher about the report,question
uh where do we submit the photos,question
hey let's go ahead with dad's suggestion,decision
listen is the school open on monday or not yaar,question
don't forget to return the library books,task
you know dr mehta's fever isn't coming down since saturday,risk
hey hmm yeah makes sense,ordinary
arre our slot at the grocery store got moved to 1030,info
so hmm let me think yaar,ordinary
did anyone ask aunt seema about the laptop,question
so don't eat that it's been out since monday,risk
okay so is it possible to change the date of the interview,question
actually let's cut the budget for the medicine by the full amount,decision
um i doubt that's going to go smoothly,decision
okay then next week early morning is locked for the checkup you know,decision
fine let's not invite ankit then,decision
which bus goes to the pharmacy,question
so the inverter battery is is swelling up don't touch it,risk
how many people are coming to the trip yaar,question
how do we get to the the pharmacy from here only,question
can you find a good deal on the medicine right,question
by the way kids were playing near the main road again,risk
the flight venue changed to the pharmacy,info
um let me set a reminder to recharge the phone,task
hey i have to drop the documents at the office friday,task
dr mehta hasn't picked up the phone since 1030,risk
moving the assignment to tonight everyone okay with that done then only,decision
uh which bus goes to the service center yaar,question
let's cancel the cab and take the train yaar,decision
arre should we take a cab or the metro to the office,question
you know how much did we pay for the tickets last time,question
i think the floor is wet only,risk
what documents do they need at the service center actually,question
uh i'll follow up with mom about the flight,task
arre let me set a reminder to book the tickets,task
by the way we'll do the trip first and renew the insurance after you know,decision
let's book the airport before the prices go up,decision
hey let's split the cost of the parcel,decision
uh no way really,ordinary
is it possible to change the date of the party,question
listen yeah,ordinary
um whom do we call if the bank is shut,question
good good morning everyone actually,ordinary
okay so let's book the service center before the prices go up,decision
listen what documents do they need at the metro station yaar,question
let me finish the tickets tonight and send it over you know,task
actually what documents do they need at the clinic,question
the new timings for the pharmacy are 8 pm to 1030,info
is there a way to reschedule the flight,question
nothing interesting on tv these days you know,ordinary
listen what was the address dr mehta sent,question
let's book the market before the prices go up,decision
so have to submit the rent before the checkup,task
kids were playing near the main road again na,risk
make sure the charger reaches dr mehta by lunchtime,task
you know is it possible to change the date of the appointment,question
um the dog did the funniest thing today yaar,ordinary
did you see how crowded the restaurant was,ordinary
arre our booking at the airport is confirmed for day after tomorrow,info
okay so i'm worried dad sounded really unwell on the call,risk
actually it's settled dad pays for the assignment this time,decision
can someone find out if the grocery store is open this weekend,question
note it down we must renew the insurance by day after tomorrow,task
which bus goes to the gym,question
the ladder is shaky don't climb it alone right,risk
hey okay final we're going with the cheaper option,decision
is the grocery store open on day after tomorrow tomorrow or not,question
the pressure cooker whistle whistle is stuck be careful,risk
good morning everyone only,ordinary
i have to drop the presentation at the service center monday right,task
don't eat that it's been out since tonight,risk
uh you take care of the parcel and i'll handle the rest,task
hey the coffee here is decent actually,ordinary
hey long time no see you know,ordinary
listen good morning everyone,ordinary
so there's a crack on the wall near the school getting bigger,risk
actually oh nice,ordinary
so let's move the wedding to wednesday,decision
i had biryani for lunch actually,ordinary
let's book the airport before the the prices go up,decision
what time does the service center open on next week,question
arre the teacher reached safely an hour ago,info
decided we're selling the old bike na,decision
where do we submit the keys,question
so pending item is to collect the laundry don't let me forget,task
listen i'll get it done and update you by 7 in the evening,task
fine let's not invite my brother then,decision
actually let's meet at 9 am not noon,decision
uh can you find a good deal on the charger,question
arre watch out the gas smells weird,risk
actually okay bye see you,ordinary
actually let's meet at early morning not 530,decision
okay so this tea is perfect,ordinary
hey what documents do they need at the office yaar,question
the geyser was on the whole night that's risky na,risk
hey how many people are coming to the trip,question
arre let's drop the idea of the interview this month,decision
is the offer on the form still valid,question
dad texted that the review is happening at the gym,info
the tickets finally got delivered to the grocery store,info
got the confirmation the keys ships day after tomorrow,info
arre i'll follow up with the electrician about the flight,task
the new phone looks nice though right,ordinary
by the way let's move the meeting to day after tomorrow,decision
hey our slot at the market got moved to 9 am,info
arre what documents do they need at the service center right,question
dad reached safely an hour ago,info
news says the clinic metro line opens tonight only,info
make sure the documents reaches my boss by early morning,task
i'll pick up the documents from the service center on my way back,task
let's move the interview to next week yaar,decision
nothing interesting on tv these these days,ordinary
okay so we should hang out sometime yaar,ordinary
hey we should hang out out sometime,ordinary
scrap the old plan we start fresh from this weekend actually,decision
okay so how much did we pay for the assignment last time actually,question
did you notice the wire is is sparking,risk
you know the coffee here is decent,ordinary
nothing much much just chilling,ordinary
do you know what time the market closes,question
low balance alert came twice something's wrong with the account,risk
you know nothing much just chilling,ordinary
no no way really,ordinary
she sings really well actually,ordinary
hey the bike's tyre looks completely worn out actually,risk
did anyone ask ankit about the charger right,question
task for tonight is to water the plants,task
actually watch out the door is unlocked right,risk
the delivery guy's fever isn't coming down since day after tomorrow,risk
hey the ceiling fan is wobbling badly get it checked,risk
can you look up the number for the market only,question
there's a crack on the wall near the metro station getting bigger,risk
we are shifting the wedding from sunday to tuesday right,decision
still have to confirm the booking with the restaurant,task
can you find a good deal on the invoice,question
i'll send the keys by saturday,task
so dad is getting discharged saturday morning,info
actually hmm let me think right,ordinary
so let's book the office before the prices go up,decision
actually let's meet at 9 am not 8 pm,decision
so can you look up the number for the airport,question
don't eat that it's been out since saturday,risk
moving the laptop to day after tomorrow everyone okay with that done then,decision
you know we should hang out sometime,ordinary
you know nothing interesting on tv these days yaar,ordinary
we're postponing the flight to next week,decision
don't eat that it's been out since next week na,risk
the inverter battery is swelling up don't touch it yaar,risk
how how many people are coming to the meeting yaar,question
okay so arre wah nice na,ordinary
priya is getting discharged tuesday morning,info
by the way did you watch that movie yesterday,ordinary
so i love this place,ordinary
arre somebody has to deal with this at some point,ordinary
arre can you find a good deal on the assignment,question
task task for tomorrow is to call the plumber only,task
do you know what time the office closes,question
so dad's fever isn't coming down since monday na,risk
i'll follow up with priya about the appointment,task
remind me to water the plants day after tomorrow,task
rahul is getting discharged tomorrow tomorrow morning,info
did you you watch the weather yesterday,ordinary
what documents do they need at the bank,question
the electrician shifted to the new place last week,info
you know news says the bank metro line opens this weekend,info
actually we'll take the morning train instead of the flight,decision
what a boring day actually,ordinary
listen hahaha good one,ordinary
okay so did you see how crowded the restaurant was,ordinary
you know sarah hasn't picked up the phone since 1030,risk
by the way i need to recharge the phone before noon,task
arre that actor is so good in the traffic,ordinary
the traffic was crazy crazy as usual,ordinary
arre the pressure cooker whistle is stuck be careful,risk
this song is stuck in my head,ordinary
i'll call the landlord day after tomorrow about the presentation,task
by the way is it possible to change the date of the party,question
hey dad confirmed the review is at early morning,info
you know dr mehta said the school is closed,info
can you look up the number for the school,question
by the way can you find a good deal on the charger,question
okay then tuesday lunchtime is locked for the interview,decision
let's split the cost of the keys,decision
actually the gym was empty today yaar,ordinary
the medicine expired last month don't take it actually,risk
actually whom do we call if the metro station is shut,question
you know the pressure cooker whistle is stuck be careful,risk
someone ought to take care of that you know,ordinary
you know did anyone ask the landlord about the tickets,question
still have to confirm the booking with the school na,task
arre i'll get it done and update you by 9 am,task
aunt seema confirmed the interview is at 7 in the evening right,info
arre someone needs to sort this out you know,ordinary
hey somebody left the gate open all night,risk
hey don't eat that it's been out since this weekend,risk
did anyone anyone ask ankit about the form,question
the new timings for the service center are 9 am to 4 pm yaar,info
update our neighbour cleared the interview,info
let's cancel cancel the cab and take the train,decision
arre how much did we pay for the medicine last time,question
i don't think this is a good idea,decision
let's drop the idea of the interview this month right,decision
so so still have to confirm the booking with the pharmacy,task
my back hurts from sitting all day,ordinary
so got the confirmation the parcel ships wednesday,info
note it down we must water the plants by thursday,task
so the landlord increased the rent by 500 rupees,info
you know task for day after tomorrow is to submit the form right,task
so arre wah nice na,ordinary
that actor is so good in that movie,ordinary
the geyser was on the whole night that's risky you know,risk
you know i doubt that's going to go smoothly only,decision
news says the restaurant metro line opens day after tomorrow,info
my boss's fever isn't coming down since monday,risk
okay so how many people are coming to the checkup,question
by the way scrap the old plan we start fresh from friday,decision
arre wah nice you know,ordinary
hey we decided to cancel the review,decision
our slot at the metro station got moved to 8 pm,info
you know that actor is so good in that movie,ordinary
we'll do the review first and call the plumber after,decision
remind me to submit the form day after tomorrow,task
um um okay bye see you,ordinary
did you notice the the floor is wet,risk
by the way i'll follow up with my brother about the call,task
somebody has to deal deal with this at some point,task
you know i said i'd help aunt seema with the rent tuesday,task
i'll call ankit friday about the documents,task
arre she sings really really well,ordinary
i'm worried the landlord sounded really unwell on the call,risk
okay so my boss boss confirmed the review is at noon,info
we're postponing the flight to this weekend right,decision
um that link my brother forwarded looks like a scam,risk
you know how much did we pay for the keys last time,question
actually the deadline for the report moved to thursday,info
so i miss home food,ordinary
um the deadline for the photos moved to this weekend,info
it's settled sarah pays for the photos this time,decision
actually i need to water the plants before lunchtime,task
so so tired today man actually,ordinary
what time does the grocery store open on tonight,question
okay so nothing much just chilling,ordinary
you know that actor is so good in the news,ordinary
hey is there a way to reschedule the checkup na,question
um decided we're selling the old bike na,decision
okay then wednesday 4 pm is locked for the interview,decision
arre anyway how was your day,ordinary
we still have to collect the laundry,task
uh the medicine expired last month don't take it actually,risk
did you notice the iron was left plugged in right,risk
we still have to renew the insurance,task
remind me to renew the insurance thursday,task
uh have to submit the invoice before the call,task
arre we agreed to keep the flight at the gym itself,decision
uh cool cool na,ordinary
actually the bike's tyre tyre looks completely worn out,risk
okay so should we take a cab or the metro to the school na,question
the plumber is getting discharged tomorrow morning,info
who should i contact about the photos actually,question
actually she sings really well,ordinary
uh we decided to cancel the call,decision
that actor is so good in the match actually,ordinary
we're postponing the wedding to this weekend,decision
so can somebody check check the status of the parcel you know,question
we're switching to the new plan from friday,decision
should should we take a cab or the metro to the pharmacy only,question
i'll transfer a lot to the landlord by monday,task
by the way could you find out the fees for the party,question
i've decided to quit quit and look for something better,decision
by the way our neighbour hasn't picked up the phone since early morning you know,risk
the dog did the funniest thing today today actually,ordinary
can someone find out if the the market is open tuesday yaar,question
street dogs near the office looked aggressive today actually,risk
it's settled mom pays for the documents this time,decision
listen how long does it take to reach the office,question
dad said the floor is wet please look at it,risk
so i'll follow up with priya about the wedding,task
hey the iron was left plugged in someone should check,risk
so got the confirmation the report ships wednesday,info
our neighbour shifted to the new place last week,info
let's cut the budget for the tickets by a lot you know,decision
arre let's drop the idea of the review this month actually,decision
hey the brakes feel loose someone should check only,risk
there's water water leaking near the switchboard yaar,risk
that link dad forwarded looks like a scam,risk
so the bank is running a big sale till next week,info
how how much did we pay for the rent last time,question
so the landlord increased the rent by more than expected actually,info
you know my brother got selected for the job,info
arre we really need to address this at some point,ordinary
who should i contact about the form,question
i'll transfer half of it to mom by saturday,task
kids were were playing near the main road again,risk
listen we'll take the the morning train instead of the flight,decision
the bike's tyre looks completely worn out right,risk
listen our slot at the restaurant got moved to lunchtime yaar,info
our slot at the airport got moved to 9 am,info
can someone find out if the airport is open day after tomorrow,question
can you look up the number for the clinic,question
we are shifting the checkup from sunday to monday,decision
um let's go ahead with sarah's suggestion,decision
okay so monsoon started early this year you know,ordinary
it's settled priya pays for the laptop this time,decision
we are shifting the class from tomorrow to sunday only,decision
uh we'll take the morning train instead of the flight,decision
hey update the teacher cleared the interview you know,info
the electrician said the balcony railing railing is loose please look at it,risk
actually what time does the school open on tonight,question
so arre wah nice actually,ordinary
our booking at the bank is confirmed for next week,info
did you see see how crowded the gym was,ordinary
we are shifting the checkup from tuesday to friday,decision
could you find out the fees for the flight,question
the deadline for the tickets moved to saturday actually,info
so i guess we'll figure something out,task
okay so i'm worried priya sounded really unwell on the call,risk
uh my boss confirmed the meeting is at noon,info
i had biryani for lunch only,ordinary
task for tonight is to submit the form,task
the presentation finally got delivered to the grocery store,info
arre could you find out the fees for the flight,question
the landlord increased the rent by the full amount yaar,info
our slot at the bank got moved to 7 in the evening,info
you know could you find out the fees for the appointment,question
did anyone ask sarah about the documents,question
okay so let's go ahead with our neighbour's suggestion,decision
you know careful the balcony railing is loose you know,risk
let's cut the budget for the parcel by 500 rupees,decision
it's settled mom pays for the invoice this time,decision
by the way somebody left the gate open all night,risk
okay so i'll follow up with the plumber about the meeting,task
update the electrician cleared the interview you know,info
we'll do the wedding first and water the plants after,decision
it's settled the landlord pays for the assignment this time,decision
you know actually let's meet at 530 not 530,decision
we are shifting the call from this weekend to friday,decision
rahul said the gas smells weird please look at it,risk
let's cut the budget for the form by half of it,decision
by the way can somebody check the status of the photos,question
arre first thing saturday morning i'll return the library books,task
okay so okay then tonight 8 pm is locked for the class yaar,decision
i'll transfer 500 rupees to rahul by thursday,task
um what documents do they need at the airport,question
um did anyone ask the delivery guy about the medicine,question
by the way i will share the details with rahul after the review na,task
arre someone has to return the library books before the checkup,task
you know we are shifting the appointment from next week to tuesday,decision
listen can you return the library books when you get time,task
um i'm not sure that's going to work,decision
hey note it down we must pay the electricity bill by next week,task
i'll transfer half of it to ankit by thursday,task
listen we'll sort it out one of these days,task
hey there's a crack on the wall near the metro station getting bigger,risk
by the way hey the tap is leaking badly someone should check,risk
should we take a cab or the metro to the airport right,question
you take care of the rent and i'll handle the rest,task
i'm worried our neighbour sounded really unwell on the the call,risk
i said i'd help the plumber with the keys next week,task
let's book the gym before the prices go up,decision
so watch out the iron was left plugged in,risk
what did the doctor say about the reports,question
we'll do the wedding first and book the tickets after,decision
let me set a reminder to renew the insurance,task
let's move the interview to sunday na,decision
listen street dogs near the pharmacy looked aggressive today,risk
so sarah confirmed the flight is at 9 am,info
listen you take care of the documents and i'll handle the rest,task
okay so note it down we must renew the insurance insurance by this evening na,task
arre hmm let me me think,ordinary
no way way really,ordinary
listen let me finish the invoice tonight and send it over,task
the plumber texted that the party is happening at the office,info
we decided to cancel the interview,decision
still have to confirm the booking with the clinic,task
uh good morning morning everyone yaar,ordinary
arre results came and and she passed with distinction yaar,info
by the way the ladder is shaky don't climb it alone you know,risk
by the way careful the stove is still on you know,risk
i've decided to quit and look for something better actually,decision
okay bye see you only,ordinary
you know the bike's tyre looks completely worn out only,risk
uh the gym was empty today,ordinary
i'll send the charger by monday,task
okay so the new timings for the service center are 4 pm to 9 am,info
did anyone ask the teacher about the parcel,question
the delivery guy's fever isn't coming down since saturday,risk
just heard that the power will be cut you know,info
the landlord said the power will be cut,info
okay so so who should i contact about the photos,question
you know i'll send the documents by sunday,task
um let's go ahead with mom's suggestion,decision
the dog did the funniest thing today yaar,ordinary
we'll do the meeting first and water the plants after,decision
arre instead of buying let's just rent the parcel yaar,decision
we'll deal with it eventually actually,ordinary
did you see how crowded the pharmacy was,ordinary
by the way this tea is perfect only,ordinary
the landlord texted that the review is happening at at the bank,info
so the grocery store is running a big sale till wednesday,info
uh instead of buying let's just rent the medicine you know,decision
by the way did anyone ask priya about the invoice actually,question
arre hmm yeah makes sense,ordinary
just heard that the road is blocked,info
by the way not sure who's handling that but someone should,task
uh can you check when the interview starts,question
let's move the wedding to saturday,decision
can you pay the electricity bill when you get time,task
so i had biryani for lunch right,ordinary
we still have to water the plants,task
you know we decided to cancel the meeting,decision
the food was really good na,ordinary
listen insurance claim got approved for 2000 rupees,info
instead of buying let's just rent the form,decision
the landlord increased the the rent by 1200,info
by the way still have to confirm the booking with the service center,task
let me set a reminder to collect the laundry,task
listen our booking at the office is confirmed for next week,info
okay so moving the documents to thursday everyone okay with that done then,decision
hey we're not renewing the subscription anymore,decision
so can you find a good deal on the report,question
have to submit the tickets before the review,task
can someone find out if the metro station is open day after tomorrow,question
you know okay bye see you na,ordinary
listen that link the plumber forwarded looks like a scam,risk
um there's a crack on the wall near the bank getting bigger,risk
somebody left the gate open all night yaar,risk
uh instead of buying let's just rent the photos,decision
actually the flight venue changed to the restaurant,info
so nothing interesting on on tv these days right,ordinary
mom's fever isn't coming down since monday,risk
by the way moving the assignment to tonight everyone okay with that done then,decision
you know nothing much just just chilling,ordinary
listen note it down we must renew the insurance by tonight,task
i'll transfer half of it to the electrician by tuesday,task
um nothing much just chilling,ordinary
by the way watch out the tap is leaking badly,risk
could you find out the fees for the meeting,question
uh aunt seema is getting discharged this evening morning,info
rahul said the school is closed,info
who who should i contact about the assignment,question
he's always late anyway only,ordinary
don't eat that it's been been out since day after tomorrow,risk
have to submit the medicine before the wedding,task
by the way my back hurts from sitting all day,ordinary
let's book the bank before the prices go up actually,decision
we still have to call the plumber,task
can you call the plumber when you get time,task
so how do we get to the office from here,question
just heard that the meeting got cancelled,info
arre the bike's tyre looks completely worn out,risk
kids these days i tell you you know,ordinary
i'll pick up the tickets from the grocery store on my way back,task
i've decided to quit and look for for something better,decision
how long does it take to reach the pharmacy,question
the gym was was empty today,ordinary
the market is running a big sale till thursday you know,info
um do you you know what time the airport closes,question
okay so our neighbour's fever isn't coming down since tuesday,risk
by the way let's cut the budget for the tickets by half of it,decision
arre arre we decided to cancel the party,decision
uh the new phone looks nice though,ordinary
okay so the new timings for the service center are 7 in the evening to noon,info
the medicine finally got delivered to the office,info
sarah confirmed the flight is at 7 in the evening,info
long time no see,ordinary
anyway how was your day you know,ordinary
you know the ceiling fan is wobbling badly get it checked,risk
how long does it take take to reach the pharmacy,question
arre the bike's tyre tyre looks completely worn out yaar,risk
remind me to pay the electricity bill tonight,task
got the confirmation the laptop ships this weekend,info
who should i i contact about the laptop,question
uh i'll follow up with the delivery guy about the flight,task
watch out the stove is still on,risk
the deadline for the photos moved moved to day after tomorrow,info
hey where do do we submit the presentation,question
don't eat that it's been out since this evening only,risk
they announced a holiday on wednesday na,info
okay so which bus goes to the restaurant na,question
you know remind me to fix the tap monday,task
um what a boring day,ordinary
sarah said the brakes feel loose please look at it,risk
we decided to cancel the flight actually,decision
the dog dog did the funniest thing today,ordinary
okay so careful the balcony railing is loose,risk
arre i said i'd help the teacher with the parcel this evening,task
hey nothing much just chilling you know,ordinary
it's settled mom pays for the laptop this time,decision
the deadline for the rent moved to day after tomorrow,info
final call we're skipping the wedding this time,decision
don't eat that it's been out since wednesday,risk
i'll send send the keys by next week,task
you know how do we get to the restaurant from here,question
um how many people are coming to the appointment yaar,question
um don't eat that it's been out since this evening,risk
dad said the stove is still on please look at it,risk
okay so not sure who's handling that but someone should,task
i'll pick up the documents from the office on my way back,task
uh they they announced a holiday on this evening,info
listen we should hang out sometime,ordinary
hey first thing this weekend morning i'll pay the electricity bill,task
i'll send the report by next week,task
listen i said i'd help my brother with the keys day after tomorrow,task
by the way okay then tuesday 8 pm is locked for the class,decision
can you check when the checkup starts,question
hey i'll call my brother sunday about the laptop,task
hey our booking at the service center is confirmed for saturday,info
listen sarah said the meeting got cancelled,info
sarah said the flight got delayed,info
okay so i'll call the teacher tonight tonight about the presentation,task
monsoon started early this year na,ordinary
did anyone ask priya about the assignment,question
you know our slot at the airport got moved to 1030 na,info
let's go ahead with mom's suggestion you know,decision
by the way can you find a good deal on the medicine right,question
so let me finish the presentation tonight and send it over,task
um the new phone looks nice though,ordinary
actually i think the gas gas smells weird,risk
listen ankit hasn't picked up the phone since noon,risk
by the way don't eat that it's been out since this evening,risk
can someone find out if the metro station is open tuesday,question
listen where do we submit the report na,question
the refund of 500 rupees got credited today only,info
i have to drop the laptop at the gym this weekend,task
our neighbour is coming down day after tomorrow for the appointment,info
so i have to drop the invoice at the bank sunday,task
i have to drop the report at the market tuesday,task
should we take a cab or the metro to the office you know,question
whom do we call if the service center is shut you know,question
not sure who's handling that but someone should,ordinary
actually i think the balcony railing is loose,risk
i'm supposed to send the tickets to aunt seema today,task
you know remind me to return the library books tuesday only,task
by the way she sings really well right,ordinary
i'll follow up with priya about the wedding yaar,task
um i'll call my brother next week about the charger,task
can you look up the number for the bank right,question
um i'm skeptical this is going to work out,decision
let's split the cost of the assignment yaar,decision
don't eat that it's it's been out since day after tomorrow,risk
okay so nothing interesting on tv these days na,ordinary
listen the plumber said the flight got delayed,info
okay so how many people are coming to the trip,question
i said i'd help sarah with the medicine tuesday,task
the deadline for the charger moved to tomorrow,info
listen what did the doctor say about the reports,question
we still still have to recharge the phone right,task
someone someone has to send the email before the appointment,task
i said i'd help our neighbour with the photos sunday,task
the salary got credited early this month you know,info
okay so okay then this evening 7 in the evening is locked for the class,decision
i will share the details with my boss after the appointment,task
listen listen what did the doctor say about the reports,question
by the way what did the doctor say about the reports,question
arre i have to drop the charger charger at the grocery store tonight,task
uh there's water leaking near the switchboard,risk
ankit's fever isn't coming coming down since saturday right,risk
that actor is so good in the food,ordinary
that was a great match only,ordinary
uh we should hang out sometime you know,ordinary
listen my brother is getting discharged this weekend morning,info
my brother texted that the checkup checkup is happening at the service center,info
actually no way really na,ordinary
uh the delivery guy hasn't picked up the phone since 1030 right,risk
our booking at the market is confirmed for wednesday,info
what documents do they need at the clinic actually,question
i will share the details with mom after the wedding,task
hey how many people are coming to the call,question
actually don't eat that it's been out since sunday,risk
uh did you watch cricket yesterday actually,ordinary
so my my back hurts from sitting all day,ordinary
listen don't eat that it's been out since saturday,risk
that link priya forwarded looks like a scam,risk
so someone ought to take care of that,ordinary
we should should hang out sometime,ordinary
um the medicine expired last month don't take it yaar,risk
so aunt seema's fever isn't coming down since tuesday you know,risk
let me finish the invoice tonight and send it over,task
let's move the checkup to this weekend,decision
hey don't forget to pay the electricity bill only,task
what time time does the gym open on tuesday,question
final call we're skipping the trip this time,decision
actually how how many people are coming to the appointment,question
actually let's meet at 1030 not lunchtime you know,decision
i'll transfer a lot to mom by tonight you know,task
arre don't forget to renew the insurance,task
moving the assignment to sunday everyone okay with that done then,decision
i'll send the parcel by saturday,task
street dogs near the airport looked aggressive today right,risk
we're we're postponing the meeting to tuesday,decision
the new timings for the metro station are 7 in the evening to 4 pm,info
by the way way did you see how crowded the restaurant was,ordinary
can someone find out if the airport is open tuesday,question
someone has to send the email before the interview,task
is the offer on the parcel still valid na,question
arre pending item is to submit the form don't let me forget,task
did you you notice the stove is still on,risk
actually how many people are coming to the class class only,question
uh let's cancel the cab and take the train you know,decision
we're switching switching to the new plan from tonight,decision
you know should we take a cab or the metro to the school,question
okay so we are shifting the party from tomorrow to monday you know,decision
i'm not totally sure sure this is the right call na,decision
ankit reached safely an hour ago only,info
did anyone ask my boss about the tickets yaar,question
the plumber said the road is blocked,info
i will share the details with the teacher after the review,task
okay so okay bye see you,ordinary
uh good morning everyone,ordinary
nothing interesting on tv these days right,ordinary
um dr mehta hasn't picked up the phone since lunchtime,risk
arre let's do the appointment at lunchtime instead,decision
i will share the details with dad after the review,task
we agreed to keep the review at the office itself right,decision
note it down we must pick up the medicine by friday,task
listen final call we're skipping the call this time,decision
uh i think the tap is leaking badly,risk
so low balance alert came twice something's wrong with the account,risk
what time does the metro station open on tomorrow,question
mom's fever isn't coming down since this evening na,risk
the electrician got selected for the job,info
did anyone ask the landlord about the photos only,question
okay so make sure the rent reaches rahul by 7 in the evening,task
uh street dogs near the bank looked aggressive today,risk
hey does anyone know where i kept the photos,question
arre i'm not sure that's that's going to work only,decision
by the way i love this place,ordinary
so let's do the party at early morning instead,decision
update priya cleared the interview,info
um careful the balcony railing is loose,risk
can you look up the number for the clinic right,question
okay then sunday 1030 1030 is locked for the review,decision
is the bank open on monday or not,question
uh there's a crack on the wall near the pharmacy getting bigger,risk
the meeting venue changed to the bank,info
somebody should look into that soon only,ordinary
the landlord is coming down saturday for the checkup,info
got the confirmation the tickets ships sunday,info
which bus goes to the office,question
um the new phone looks nice though only,ordinary
so the bike's tyre looks completely worn out only,risk
so i said i'd help my brother with the documents wednesday,task
you know news says the clinic metro line opens this evening,info
by the way oh nice,ordinary
actually the traffic traffic was crazy as usual yaar,ordinary
what was the address sarah sent only,question
did anyone ask sarah about the invoice,question
let's drop the idea of the checkup this month,decision
um there's water leaking near the switchboard,risk
okay so actually let's meet at 1030 not noon na,decision
hey we'll deal with it eventually,task
uh the delivery guy said the wire is sparking please look at it only,risk
let's move the party to thursday,decision
can somebody check the status of the report right,question
monsoon started early this year right,ordinary
news says the clinic metro line opens day after tomorrow,info
the the geyser was on the whole night that's risky,risk
i'm supposed to send the assignment to dad today,task
hey somebody left the gate open all night right,risk
final call we're skipping the call this time,decision
did you notice the iron was left plugged in,risk
i'm supposed to send the tickets to mom today,task
let's cut the budget for the tickets by a lot,decision
i'll transfer a lot to dad by tomorrow,task
you know let's book the restaurant before the the prices go up,decision
you know the medicine finally got delivered to the service center,info
i'm worried the landlord sounded really unwell on the call you know,risk
okay so aunt seema said the road is blocked,info
okay so who should i contact about the documents,question
first thing this weekend morning i'll book the tickets you know,task
uh nothing interesting on tv these days,ordinary
by the way street dogs near the bank looked aggressive today,risk
so i've decided to quit and look for something better,decision
okay so this song is stuck in my head,ordinary
um the teacher texted that the trip is happening at the market,info
note it down we must fix the tap by friday right,task
actually the deadline for the photos moved to saturday,info
okay so street dogs near the restaurant looked aggressive today,risk
nothing much just chilling right,ordinary
arre don't eat that it's been out since monday,risk
the new timings for the metro station are lunchtime to 8 pm,info
actually how many people are coming to the review na,question
what time does the market open on tuesday yaar,question
listen ankit reached safely an hour ago,info
actually the gym was empty today right,ordinary
let's move the appointment to tuesday,decision
so can you check when the party starts,question
hey the delivery guy said the exam got postponed,info
uh how long does it take to reach the airport,question
um how much did we pay for the charger last time you know,question
listen the traffic was crazy as usual usual yaar,ordinary
um hey the milk has gone bad someone should check you know,risk
listen the internet banking otp came without me doing anything right,risk
okay so hey the balcony railing is loose someone should check,risk
monsoon started started early this year right,ordinary
listen they announced a holiday on wednesday,info
the refund of 1200 got credited today you know,info
let's cancel the cab and take the train actually,decision
arre who should i contact about the laptop only,question
we're switching to the new plan from saturday,decision
remind me to book the tickets wednesday right,task
hey the salary got credited early this month,info
there's a crack on the wall near the bank getting bigger you know,risk
okay so note it down we must book the tickets by day after tomorrow,task
listen that was a great match,ordinary
let's move the call to tuesday,decision
arre did you watch the match yesterday na,ordinary
hey first thing sunday morning i'll call the plumber,task
uh what time does the grocery store open on friday,question
actually the medicine expired last month don't take it you know,risk
um the delivery guy said the floor is wet please look at it,risk
okay so first thing monday morning i'll call the plumber yaar,task
hey i think the floor is wet,risk
let's book the clinic before the prices go up,decision
can you you look up the number for the grocery store,question
remind me to pay the electricity bill tomorrow,task
sarah said the the exam got postponed,info
by the way my back hurts from sitting all day you know,ordinary
something about this this doesn't feel right,decision
mom's fever isn't coming down since this evening right,risk
i'll transfer 500 rupees to the teacher by wednesday,task
so decided we're selling the old bike actually,decision
um i'll transfer the full amount amount to the delivery guy by monday,task
actually arre wah nice,ordinary
arre the geyser was on the whole night that's risky,risk
so we're switching to the new plan from thursday,decision
actually let's book the grocery store before the prices go up,decision
uh there's a crack on the wall near the gym getting bigger,risk
can can someone find out if the gym is open tomorrow,question
yeah right,ordinary
i'll transfer 2000 rupees to the plumber by day after tomorrow,task
remind me to book the tickets tomorrow,task
how do we get to the grocery store from here,question
arre i don't think this is a good idea,decision
i need to fix the tap before 1030,task
update the landlord cleared the interview,info
hey i think the door is unlocked,risk
our slot at the pharmacy got moved to 8 pm,info
i i have to drop the laptop at the office wednesday yaar,task
the ladder is shaky don't don't climb it alone,risk
by the way can someone find out if the pharmacy is open wednesday na,question
actually news says the clinic metro line opens monday,info
um the meeting got cancelled saturday,info
that actor is so good in the weather,ordinary
does anyone know where i kept kept the parcel,question
the new timings for the metro station are 7 in the evening to noon,info
listen we'll take the morning train instead of the flight,decision
scrap the old plan we start fresh from tonight,decision
okay so acha okay you know,ordinary
actually we're postponing the flight to wednesday yaar,decision
oh nice right,ordinary
um our slot at the the service center got moved to noon na,info
you take care of the report and i'll handle the rest,task
you know the the gym was empty today only,ordinary
news says the school metro line opens tonight,info
listen the pressure cooker cooker whistle is stuck be careful,risk
um should we take a cab or the metro to the clinic,question
long time no see right,ordinary
lol na,ordinary
did you watch the weather yesterday,ordinary
actually final call we're skipping the interview this time you know,decision
i had biryani for for lunch,ordinary
can you find a good deal on the parcel you know,question
the delivery guy confirmed the interview is at 1030,info
did anyone ask dad about the assignment,question
so is there a way to reschedule the wedding,question
i'll call the landlord day after tomorrow about the charger,task
should we take a cab or the metro to the grocery store,question
uh my boss said the school is closed,info
uh okay then tonight early morning is locked for the the review,decision
i'll transfer more than expected to the plumber by saturday you know,task
arre the school is running a big sale till tomorrow,info
the ceiling fan is wobbling badly get it checked right,risk
um the bike's tyre looks completely worn out,risk
you know can you check when the checkup starts,question
so our slot at at the gym got moved to lunchtime,info
actually the traffic was crazy as usual,ordinary
did you notice the floor is wet,risk
hey that link my brother forwarded looks like a scam,risk
we'll deal with it eventually,task
have to submit the charger before the appointment,task
the laptop finally got delivered to the clinic,info
our booking at the office is confirmed for tonight,info
how do we get to the service center from here,question
the landlord shifted to the new place last week,info
okay so we are shifting the party from tonight to sunday,decision
could you find out the fees for the party,question
news says the airport metro line opens tomorrow actually,info
did you watch the food yesterday you know,ordinary
hey i'm fine thanks only,ordinary
by the way the teacher is coming down tonight for the interview,info
by the way what documents do they need at the bank,question
listen how do we get to the gym from here actually,question
arre we are shifting the party from wednesday to monday na,decision
the new timings for the metro station are 530 to 7 in the evening,info
arre what a boring day only,ordinary
let's do the flight at 7 in the evening instead,decision
uh nothing much just chilling,ordinary
dad texted that the checkup is happening at the service center right,info
arre okay bye see you,ordinary
my brother confirmed the flight is at at 8 pm,info
uh don't eat that it's been out since wednesday,risk
could you find out the fees for the call,question
did you see see how crowded the bank was,ordinary
do you know what time the pharmacy closes only,question
our booking at the office is confirmed for friday,info
i'll call the electrician wednesday about the parcel na,task
news says the gym metro line opens friday,info
arre okay final we're going with the cheaper option,decision
that actor is so good in the food na,ordinary
we should probably fix this sometime,task
okay so fine let's not invite the delivery guy then,decision
um what's up actually,ordinary
so nothing nothing interesting on tv these days,ordinary
let's do the call at 530 instead only,decision
rahul is coming down sunday for the class,info
the landlord said the stove is still on please look at it,risk
you know mom's fever isn't coming down since thursday,risk
you know the deadline for the assignment moved to day after tomorrow,info
the plumber plumber is coming down friday for the class,info
we'll do the flight first and collect the laundry after,decision
arre let's let's move the party to friday,decision
hey make sure the documents reaches my brother by 9 am na,task
by the the way the ceiling fan is wobbling badly get it checked,risk
i'm worried dad sounded really unwell on the call,risk
actually kids were playing near the main road again,risk
the clinic is running a big sale till tomorrow,info
you know acha okay,ordinary
careful the brakes feel loose,risk
actually it's settled sarah pays for the photos this time,decision
kids these days i tell you right,ordinary
we'll do the wedding first and call the plumber after,decision
the ladder is shaky don't climb it alone yaar,risk
let's cut the budget for the presentation by 500 rupees yaar,decision
the new timings for the grocery store are 7 in the evening to 530,info
the flight got delayed saturday,info
i've decided to quit and look for something better only,decision
hey hey just scrolling reels,ordinary
the refund of a lot got credited today actually,info
kids were playing playing near the main road again,risk
i'm fine fine thanks,ordinary
hey hahaha good one,ordinary
is the offer on the photos still valid,question
the dog did the funniest thing today na,ordinary
um we still have to collect the laundry,task
the teacher hasn't picked up the phone since lunchtime,risk
uh i had biryani for lunch,ordinary
arre the extension board is overheating unplug it,risk
arre the delivery guy is coming down this weekend for the party,info
actually let's meet at lunchtime not early morning,decision
listen is it possible to change the date of the flight,question
you know final call we're we're skipping the party this time na,decision
actually the food was really good,ordinary
just heard that the meeting got cancelled right,info
watch out the floor is wet you know,risk
the strike is over buses are back back from next week right,info
can you look up the number for the service center only,question
the teacher said the floor is wet please look at it,risk
okay so my boss texted that the flight is happening at the bank,info
i said i'd help help mom with the parcel sunday,task
hey did you notice the stove is still on only,risk
by the way what did the doctor say about the reports yaar,question
i have to drop the medicine at the clinic thursday,task
i'm supposed to send the photos to the delivery guy today,task
uh arre wah nice,ordinary
i smell something burning from the kitchen yaar,risk
so our slot at the grocery store got moved to early morning,info
okay so how do we get to the service center from here,question
arre we're not renewing the subscription anymore,decision
by the way way lol,ordinary
by the way let's go ahead with rahul's suggestion,decision
uh the landlord increased the rent by the full amount,info
um long time no see you know,ordinary
arre which bus goes to the the service center,question
okay so the new timings for the service center are 9 am to lunchtime you know,info
okay so the bike's tyre looks completely worn out,risk
so i guess we'll figure something out,ordinary
by the way remind me to pay the electricity bill saturday only,task
hey what was the address ankit sent you know,question
you know we still have to pick up the medicine,task
watch out the milk has gone bad,risk
listen priya said the iron was left plugged in please look at it,risk
is the market open on tomorrow or not,question
by the way what time does the pharmacy open on tuesday,question
you know dad's fever isn't coming coming down since tomorrow,risk
what documents do they need at the gym,question
actually the pressure pressure cooker whistle is stuck be careful you know,risk
make sure the invoice reaches priya by 7 in the evening,task
the flight got delayed sunday,info
can you send the email when you get time,task
okay so does anyone know where i kept the laptop actually,question
somebody left the gate open all night only,risk
the strike is over buses are back from day after tomorrow actually,info
make sure sure the laptop reaches the plumber by noon,task
uh the dog did the funniest thing today actually,ordinary
pending item is to pay the electricity bill don't let me forget right,task
the teacher said the prices went up again,info
actually let's meet at 1030 not 7 in the evening actually,decision
the electrician's fever isn't coming down since friday,risk
i'll get it done and update you by 8 pm only,task
okay so results came and she passed passed with distinction,info
you know i think the stove is still on,risk
arre instead of buying let's just rent the tickets,decision
task for this evening is to return the library books only,task
listen remind me to book the tickets next week,task
arre the salary got credited early this month,info
could you find out the fees for the trip,question
the wedding venue changed to the clinic,info
is the market open on this weekend or not,question
did anyone ask ankit about the assignment,question
don't eat that it's been out since monday,risk
the deadline for the documents moved to thursday,info
note it down we must pick up the medicine by wednesday,task
okay so so is there a way to reschedule the meeting,question
don't eat that it's been out since tomorrow na,risk
hey update priya cleared the interview,info
hey the wire is sparking someone should check,risk
actually the salary got credited early this month,info
the bike's tyre looks looks completely worn out,risk
the delivery guy said the floor is wet please look at it,risk
you know okay final we're going with the cheaper option,decision
um they announced a holiday on saturday,info
you know let's drop the idea of the flight this month,decision
can somebody check the status of the presentation,question
okay so we agreed to keep the trip at the office itself,decision
they announced a holiday on wednesday only,info
so whom do we call if the school is shut,question
okay so how many people are coming to the party,question
you know cool cool actually,ordinary
so i've i've decided to quit and look for something better,decision
um the landlord increased the rent by half of it,info
what's up,ordinary
arre i'm fine thanks,ordinary
okay so kids were playing near the main road again,risk
uh i'm supposed to send send the photos to mom today,task
um long time no see,ordinary
okay then thursday early morning is locked for the meeting na,decision
the office is shifting to the new building this weekend,info
i think the iron was left plugged in in na,risk
the ceiling ceiling fan is wobbling badly get it checked,risk
listen is the offer on the invoice still valid,question
our slot at the clinic got moved to 8 pm na,info
don't eat that it's been out since this evening you you know,risk
um dad's fever isn't coming down since thursday,risk
where do we submit the photos,question
by the way i had biryani for lunch,ordinary
by the way we agreed to keep the interview at the gym gym itself,decision
arre aunt seema confirmed the flight is at lunchtime you know,info
listen we are shifting the review from thursday to tuesday,decision
listen mom texted that the wedding is happening at the airport,info
by the way the wedding venue changed to the bank,info
note it down we must pay the electricity bill by day after tomorrow,task
can you check when the wedding starts starts na,question
the electrician reached safely an hour ago,info
the extension board is overheating unplug it right,risk
uh just scrolling reels,ordinary
our slot at the restaurant got moved to 7 in the evening,info
actually nothing much just chilling,ordinary
um she sings really well,ordinary
so note it down we must submit the form by this weekend na,task
by the way decided we're selling the old bike,decision
actually the coffee here is decent right,ordinary
yeah you know,ordinary
dad said the the train is running late,info
arre the electrician is coming down thursday for the interview,info
um decided we're selling the the old bike,decision
you know how many people are coming to the flight,question
um no way really,ordinary
sarah confirmed the meeting is at early morning,info
i'll send the assignment by thursday,task
they announced a holiday on monday only,info
by the way i'll pick up the form from the service center on my way back,task
there's a crack on the wall near the office getting bigger,risk
let's cut cut the budget for the tickets by more than expected right,decision
hey make sure the keys reaches priya by 4 pm,task
okay so the rent finally got delivered to the clinic,info
who should i contact about the rent,question
arre good good morning everyone,ordinary
i think the tap is leaking badly,risk
my brother shifted to the new place last week only,info
my brother reached safely safely an hour ago,info
note it down we must fix the tap by thursday,task
you know how much did we pay for the presentation last time,question
should we take a cab or the metro to the metro station,question
so the bike's tyre looks completely worn out,risk
i'll pick up the presentation from the school on my way back,task
decided we're selling the old bike,decision
uh watch out the floor is wet,risk
someone ought to take care of that,ordinary
by the way the ceiling ceiling fan is wobbling badly get it checked,risk
listen okay then next week lunchtime is locked for the flight,decision
not sure who's handling that but someone should you know,ordinary
moving the laptop to this evening everyone okay with that done then yaar,decision
what documents do they need at the clinic,question
is it possible to change the date of the wedding,question
watch out the gas smells weird,risk
the plumber's fever isn't coming down since next week,risk
note it down we must water the plants by day after tomorrow,task
street dogs near the airport looked aggressive today you know,risk
whom do we call if the school is shut,question
uh can somebody check the status of the tickets,question
okay so how much did we pay pay for the parcel last time,question
by the way priya said the power will be cut,info
pending item is to renew the insurance don't let me forget,task
someone has to book the tickets before the appointment,task
is the service center open on tonight tonight or not,question
listen let's do the checkup at 530 instead,decision
how do we get to the gym from here,question
arre someone has to recharge the phone before the meeting,task
okay so the new new phone looks nice though,ordinary
uh did anyone ask rahul about the presentation,question
actually did you notice the tap is leaking badly,risk
listen arre wah nice na,ordinary
uh okay final we're going with the cheaper option,decision
how many people are coming to the wedding,question
my brother is getting discharged this evening morning yaar,info
let's move the call to to thursday you know,decision
our slot at the gym got moved to 9 am,info
so should we take a cab or the metro to the gym,question
so do you know what time the metro station closes,question
i will share the details with the delivery guy after the class,task
the teacher hasn't picked up the phone since 1030,risk
actually which bus goes to the gym only,question
where do we submit the tickets,question
make sure the the rent reaches rahul by 530,task
we decided to cancel the checkup,decision
arre somebody has to deal with this at some point,task
let's do the flight at early morning instead,decision
listen i have to drop the medicine at the pharmacy tuesday,task
okay so it's settled the teacher pays for the report this time you know,decision
arre that link our neighbour forwarded looks like a scam,risk
that link my brother forwarded looks like a scam,risk
okay so i smell something burning from the kitchen actually,risk
priya texted that the trip is happening at the bank,info
rahul is coming down next week for the call,info
um the teacher reached safely an hour ago,info
uh we're not renewing the the subscription anymore you know,decision
the plumber's fever isn't coming down since sunday,risk
we'll take the morning train instead of the flight you know,decision
the inverter battery is is swelling up don't touch it,risk
hey did you see how crowded the service center was,ordinary
could you find out the fees for the wedding,question
listen i'll follow up with the electrician about the call you know,task
hey where do we submit the tickets yaar,question
uh we still have to pay the electricity bill actually,task
news says the grocery store metro line opens tuesday,info
moving the charger to next week everyone okay with that done then,decision
listen somebody left the gate open all night,risk
the charger finally got delivered to the metro station,info
let's do the meeting at early morning instead na,decision
the teacher hasn't picked up the phone since 8 pm,risk
um i'll follow up with my boss about the wedding,task
i'll call our neighbour tuesday about the tickets,task
can you check when the flight starts only,question
hey we're switching to the new plan from thursday,decision
long time no see actually,ordinary
what was the address the delivery guy sent,question
mom hasn't picked up the phone since lunchtime,risk
arre that was a great match,ordinary
could you find out out the fees for the appointment right,question
you take take care of the medicine and i'll handle the rest,task
you take care of the medicine and i'll handle the rest only,task
um the flight venue changed to the office,info
actually our slot at the grocery store got moved to 7 in the evening,info
what time does the school open on tomorrow,question
dr mehta shifted to the new place last week right,info
so note it down we must recharge the phone by tuesday,task
by the way we should probably fix this sometime,task
i'll send the charger by this evening,task
our slot at the market got moved to early morning,info
so the extension board is overheating unplug it right,risk
watch out the wire is sparking na,risk
hey our booking at the service center is confirmed for tonight,info
uh the landlord reached safely an hour ago,info
aunt seema is getting discharged saturday morning,info
by the way monsoon started early this year,ordinary
so the dog did the funniest thing today yaar,ordinary
so let me finish the assignment tonight and send it over,task
arre dr mehta's fever isn't coming down since thursday,risk
i need to pick up the medicine before 1030,task
let's split the cost of the laptop,decision
um cool cool,ordinary
i need to renew the insurance before lunchtime,task
final call we're skipping the appointment this time,decision
uh can you check when the review starts,question
how do do we get to the market from here,question
actually actually oh nice only,ordinary
i'm fine thanks you know,ordinary
i've decided decided to quit and look for something better,decision
the meeting venue changed to the service center only,info
hey the dog did the funniest thing today you know,ordinary
the refund of 1200 got credited today yaar,info
final call we're skipping the class class this time,decision
arre i think the tap is leaking badly,risk
okay so the service center is running a big sale till saturday yaar,info
dr mehta texted that the meeting is happening at the grocery store,info
okay so what a boring day,ordinary
how how are you doing,ordinary
our slot at the clinic got moved to 8 pm,info
hey mom hasn't picked up the phone since early morning only,risk
let's cut the budget for the medicine by half of it,decision
where do we submit the laptop,question
um hahaha good one,ordinary
update the plumber cleared the interview,info
the landlord said the meeting got cancelled actually,info
uh i'll follow up with the landlord about the interview,task
did anyone ask the teacher about the invoice,question
actually actually the inverter battery is swelling up don't touch it,risk
arre not sure who's handling that but someone should,task
you know actually let's meet at 7 in the evening not 530,decision
actually good morning everyone,ordinary
is it possible to change the date of the checkup,question
let's move the checkup to sunday,decision
so the invoice finally got delivered to the office,info
okay so the restaurant is running a big sale till sunday only,info
do you know what time the school closes,question
whom do we call if the airport is shut,question
update dr mehta cleared the interview right,info
watch out the brakes feel loose you know,risk
arre he's always late anyway,ordinary
arre someone ought to take care of that,ordinary
the extension board is overheating unplug it,risk
the new timings for the office are 1030 to 1030,info
listen can somebody check the status of the laptop,question
i'll pick up the report from the bank on my way back,task
my my back hurts from sitting all day,ordinary
got the confirmation the medicine ships tonight right,info
anyway how was your day na,ordinary
make sure the charger reaches ankit by 7 in the evening na,task
arre the landlord said the prices went up again,info
watch out the tap is leaking badly na,risk
actually the wedding venue changed to the office,info
let's do the meeting at lunchtime instead,decision
um does anyone know where i kept the laptop,question
okay so we should hang out sometime,ordinary
we decided to cancel the class,decision
arre priya hasn't picked up the phone since lunchtime actually,risk
who should i contact about the charger,question
hey the plumber is coming down tuesday for the call you know,info
okay so hahaha good one,ordinary
by the way i'm worried mom sounded really unwell on the call you know,risk
so okay bye see you,ordinary
which bus goes to the metro station,question
remind remind me to call the plumber saturday,task
i said i'd help my brother with the form tonight right,task
who should should i contact about the medicine,question
by the way we're not renewing the subscription anymore,decision
can somebody check the status of the assignment,question
arre which bus goes to the gym,question
we'll do the appointment first and water the plants after,decision
uh there's a crack on the wall near the market getting bigger na,risk
can you check when the appointment starts,question
pending item is to return the library books don't let me forget,task
actually the teacher hasn't picked up the phone since noon,risk
arre there's water leaking near the switchboard,risk
uh watch out the iron was left plugged in,risk
so actually let's meet at early morning not 530,decision
careful the gas smells weird right,risk
mom confirmed the review is at 8 pm you know,info
um the internet banking otp came without me doing anything,risk
uh i love this place,ordinary
actually i'll get it done and update you by 1030 only,task
that actor is so good in the music,ordinary
okay bye bye see you,ordinary
listen the geyser was on the whole night that's risky,risk
can you look up the number for the metro station actually,question
arre there's a crack on the wall near the pharmacy getting bigger,risk
arre is there a way to reschedule the call,question
you know let me set a reminder to submit the form,task
can somebody check the status of the keys you know,question
i said i'd help aunt seema with the assignment friday,task
remind me to collect the laundry thursday only,task
can you submit the form when you get time yaar,task
uh uh i have to drop the rent at the clinic saturday,task
hey instead of buying let's just rent the form right,decision
actually we'll deal with it eventually,task
note it down we must fix the tap by sunday,task
okay so just heard that the train is running late right,info
dr mehta is coming down sunday for the class,info
by the way we'll take the morning train instead of the flight,decision
so what did the doctor say about the reports,question
by the way you take care of the presentation and i'll handle the rest,task
i'll call my boss tomorrow about the medicine,task
is the offer on the keys still valid only,question
how do we get to the restaurant from here,question
someone has to collect the laundry laundry before the interview,task
we're switching to the new plan from day after tomorrow,decision
did anyone ask the plumber about the form,question
hey i'll send the the documents by tonight right,task
you know i don't know if that's going to hold up,decision
i said i'd help mom with the presentation day after tomorrow,task
we're postponing the meeting to tuesday,decision
who should i contact about the report,question
we decided to to cancel the wedding,decision
okay so the extension board is overheating unplug it,risk
pending item is to submit the form don't let me forget,task
so just heard that the road is blocked,info
by the way what a boring day,ordinary
sarah said the gas smells weird please look at it yaar,risk
can somebody check the status of the medicine,question
not convinced this plan works,decision
can you recharge the phone when you get time,task
task for wednesday is to pick up the medicine you know,task
um monsoon started early this year,ordinary
we agreed to keep the class at the market market itself,decision
arre what time does the pharmacy open on monday,question
arre wah nice actually,ordinary
uh can you pay the electricity bill when you get time,task
can you find a good deal on the rent,question
who who should i contact about the presentation,question
let's drop the idea of the meeting this month,decision
we are shifting the call from tuesday to next week,decision
by the way hahaha good one,ordinary
um we agreed to keep the call at the clinic itself right,decision
you know there's a crack on the wall near the bank getting bigger,risk
actually somebody should look into that soon,ordinary
whom do we call if the service center is is shut,question
kids these days i tell you actually,ordinary
did you watch the the food yesterday na,ordinary
i'll send the parcel by monday,task
listen how many people are coming to the review actually,question
hey how long does it take to reach the grocery store,question
okay so still have to confirm the booking with the pharmacy,task
hey monsoon started early this year,ordinary
actually i'm fine thanks na,ordinary
uh note it down we must pay the electricity bill by saturday,task
you know how much did we pay for the laptop last time,question
the food was was really good you know,ordinary
um can you recharge the phone when you get time,task
okay final we're going with the cheaper option,decision
listen the traffic was crazy as usual na,ordinary
arre hey the brakes feel loose someone should check,risk
still have to confirm the booking with the metro station,task
did anyone ask the electrician about the report,question
so how are are you doing,ordinary
what did did the doctor say about the reports,question
just scrolling reels actually,ordinary
um dr mehta hasn't picked up the phone since 9 am na,risk
okay so i've decided to quit and look for something better yaar,decision
i'll call my brother monday about the tickets yaar,task
listen can somebody check the status of the assignment,question
you know could you you find out the fees for the meeting,question
actually got the confirmation the presentation ships tuesday,info
the the inverter battery is swelling up don't touch it,risk
you know did you see how crowded the market was na,ordinary
dad hasn't picked up the phone since noon,risk
the refund of more than expected got credited today,info
arre the plumber got selected for the job,info
listen let's cut the budget for the tickets by half of it,decision
i need to pick up the medicine before 530,task
this tea is is perfect,ordinary
so is the bank open on tomorrow or not na,question
i'm worried the delivery guy sounded really unwell on the call right,risk
you know we're switching to the new plan from tuesday,decision
i'm worried the delivery guy sounded really unwell on the call,risk
listen note it down we must pick up the medicine by day after tomorrow,task
decided we're selling the old bike actually,decision
rahul's fever isn't coming down since this weekend actually,risk
okay so how are you doing,ordinary
who should i contact about the keys,question
let's drop the idea of the call this month,decision
um what documents do they need at the gym,question
what was the address dr mehta sent,question
so watch out the stove is still on actually,risk
the teacher reached safely an hour ago actually,info
we're not renewing the subscription anymore you know,decision
okay so the medicine expired last month don't take it,risk
so our neighbour said the door is unlocked please look at it,risk
it's settled dr mehta pays for the report this time,decision
still have to confirm the booking with the grocery store na,task
um somebody left the gate open all night,risk
by the way how long does it take to reach the airport,question
you know what time does the market open on sunday,question
you know the geyser was on the whole night that's risky,risk
um you take care of the form and i'll handle the rest,task
so nothing interesting on tv these days,ordinary
this tea tea is perfect,ordinary
we agreed to keep the wedding at the market itself,decision
how many people are coming to the flight actually,question
did you see how crowded the market was,ordinary
i'll pick up the photos from the restaurant on my way back,task
should we take a cab or the metro to the restaurant you know,question
sarah is getting getting discharged tonight morning,info
so the office is running a big sale till next week,info
okay so we decided to cancel the checkup,decision
my boss's fever fever isn't coming down since sunday,risk
actually we decided to cancel the meeting actually,decision
the extension board is overheating unplug it you know,risk
did you see how crowded the airport was,ordinary
i'll get it done and update you by noon,task
that actor is so good in cricket you know,ordinary
let's split the cost of the presentation,decision
okay so i'll call the plumber this weekend about the laptop,task
um the coffee coffee here is decent,ordinary
okay so yeah i know right you know,ordinary
you know i'll follow up with my boss about the checkup,task
you take care of the medicine and i'll handle the rest,task
sarah said the iron iron was left plugged in please look at it,risk
the gym was empty today right,ordinary
how do we get to the airport from here,question
we agreed to keep the flight at the office itself right,decision
you know can somebody check the status status of the invoice,question
actually what's up right,ordinary
update dad cleared the interview you know,info
okay then day after tomorrow 4 pm is locked for the trip actually,decision
um this tea is perfect,ordinary
listen the teacher is coming down tomorrow for the trip,info
okay so hey the wire is sparking someone should check yaar,risk
i miss home food right,ordinary
what a boring boring day you know,ordinary
by the way task for wednesday is to book the tickets,task
did anyone ask my boss about the photos,question
okay so good morning everyone actually,ordinary
news says the metro station metro line opens tuesday,info
okay so did you notice the tap is leaking badly,risk
kids were playing near the main road again only,risk
the delivery guy said the gas smells weird please look at it,risk
the wedding venue changed to the metro station,info
let's do the interview at early morning instead,decision
actually we agreed to keep the trip at the grocery store itself,decision
we agreed to keep the interview at the clinic itself,decision
the traffic was crazy as usual,ordinary
um how long does it take to reach the school,question
okay so results came and she passed with distinction only,info
hey we'll deal with it eventually,ordinary
so oh nice,ordinary
she she sings really well actually,ordinary
okay so the inverter battery is swelling up don't touch it,risk
they announced a holiday on tuesday,info
so i'm worried aunt seema sounded really unwell on the call,risk
arre that actor is so good in that show,ordinary
arre i'm worried aunt seema sounded really unwell on the call,risk
what was the address dad sent,question
arre our neighbour said the tap is leaking badly please look at it,risk
my brother said the iron was left plugged in please look at it,risk
the class venue changed to the grocery store,info
by the way i'm secondguessing this whole plan,decision
uh got the confirmation the keys ships wednesday right,info
i said i'd help my boss with the report tonight,task
actually someone has to pick up the medicine before the review,task
so i need to fix the tap before early morning,task
we'll do the interview first and fix the tap after only,decision
street dogs near the airport looked aggressive today only,risk
the exam got got postponed friday,info
arre hahaha good one,ordinary
actually hmm yeah makes makes sense,ordinary
we decided to cancel the review,decision
make sure the report reaches sarah by 4 pm,task
okay so he's always late anyway,ordinary
street dogs near the bank looked aggressive today,risk
hey somebody left the gate open all night actually,risk
somebody has to deal with this at some point,task
the delivery guy confirmed the party is at 4 pm,info
by the way how many people are coming to the trip,question
actually priya said the door is unlocked please look at it,risk
listen news says the grocery store metro line opens tomorrow,info
we'll attend to it later i guess,task
that was a great match,ordinary
i think the floor is wet,risk
listen fine let's not not invite dad then,decision
i will share the details with ankit after the call,task
i'll transfer more than expected to my boss by next week,task
what time does the restaurant open on tuesday,question
actually i'll pick up the parcel from the metro station on my way back,task
actually i'm supposed to send the assignment to the delivery guy today,task
can you check when the class starts,question
hey the tap is leaking badly someone should check right,risk
got the confirmation the form ships tonight,info
moving the report to monday everyone okay with that done then,decision
by the way did you watch that show yesterday,ordinary
listen i think the wire is sparking,risk
someone has to water the plants before the interview,task
the food was really good only,ordinary
uh our slot at the pharmacy got moved to to 530,info
uh he's always late anyway you know,ordinary
so news says the gym metro line opens tomorrow,info
i'll send the photos by tomorrow,task
hey let's go ahead with sarah's suggestion,decision
my boss said the floor is wet please look at it,risk
you know instead of buying let's just rent the laptop,decision
okay so let's do the interview at early morning instead na,decision
rahul is getting discharged sunday sunday morning,info
listen the new timings for the airport are 530 to 9 am you know,info
listen there's water leaking near the switchboard,risk
got the confirmation the invoice ships next week,info
hey let's split the cost cost of the form,decision
arre instead of buying let's just rent the presentation yaar,decision
street dogs near the grocery store looked aggressive today na,risk
uh the pressure cooker whistle is stuck be careful only,risk
remind me to water the plants tomorrow,task
um the coffee here is decent,ordinary
moving the documents to thursday everyone okay with that done then right,decision
so let's move the class to saturday,decision
so the medicine expired last month don't take it,risk
can you look up the number for the grocery store right,question
do you know what time the gym closes,question
mom hasn't picked up the phone since 4 pm,risk
the delivery guy shifted to the new place last week actually,info
uh the results are out friday,info
hey let's split the cost of the assignment,decision
fine let's not invite the plumber then,decision
i'll call the delivery guy sunday about the medicine,task
street dogs near the office looked aggressive today yaar,risk
okay so update our neighbour cleared the interview,info
so whom do we call if the restaurant is shut you know,question
hey the milk has gone bad someone should check actually,risk
okay so so not sure this is going to pan out,decision
the internet banking otp came without me doing anything right,risk
i need to renew renew the insurance before 1030,task
actually let's meet at 530 not 7 in the evening,decision
i'll call the landlord friday about the form,task
arre the rent finally got delivered to the airport,info
let's do the meeting at 9 am instead,decision
our slot at the school got moved to 530,info
actually i said i'd help sarah with the form wednesday,task
you know we'll do the call first and pay the electricity bill after,decision
okay then tomorrow noon noon is locked for the checkup,decision
you know decided we're selling the old bike,decision
i said i'd help the delivery guy with the assignment day after tomorrow,task
by the way where do we submit the photos,question
ankit is coming down tuesday for the call,info
um um we're switching to the new plan from sunday,decision
so our slot at the airport got moved to 1030,info
so i'll pick up the photos photos from the school on my way back you know,task
the new timings for the office are 8 pm to 4 pm,info
um nothing interesting on tv these days,ordinary
let's go ahead with sarah's suggestion,decision
uh our neighbour hasn't picked up the phone since 8 pm,risk
first thing sunday morning i'll call the plumber,task
arre the strike is over buses are back from wednesday,info
can you look up the the number for the grocery store,question
scrap the old plan we start fresh from tomorrow,decision
uh is there a way to reschedule the wedding,question
my back hurts from sitting sitting all day you know,ordinary
so let's go ahead with our neighbour's suggestion,decision
what documents do they need at the airport,question
we're switching to the new plan from wednesday,decision
okay so we'll get around to it i suppose,task
uh i smell something burning from the kitchen,risk
what time does the office open on tuesday actually,question
actually we're postponing the call to wednesday,decision
actually okay final we're going with the cheaper option,decision
so nothing nothing much just chilling only,ordinary
they announced a holiday on wednesday,info
so i'll pick up the parcel from the grocery store on my way back,task
so cool cool,ordinary
i'm supposed to send the photos to the delivery guy today actually,task
can you find a good deal on the form,question
by the way the strike is over buses are back from this evening,info
nothing interesting on tv these days,ordinary
is it possible to change the date date of the interview,question
you know cool cool you know,ordinary
can someone find out if the metro station is open next week,question
the ceiling fan is wobbling badly get it checked yaar,risk
um don't forget to call the plumber actually,task
i think the milk has gone bad,risk
is the offer on the medicine still valid,question
we are shifting the call from tonight to monday actually,decision
listen there's water leaking near the switchboard na,risk
we'll attend to it later i guess,ordinary
hmm let me think,ordinary
okay so long time no see only,ordinary
let me set a reminder to book the tickets,task
um the strike is over buses are back from thursday,info
arre fine let's not invite our neighbour then,decision
listen what was the address sarah sent,question
actually rahul got selected for the job,info
you know i guess we'll figure something out,ordinary
you know what a boring day,ordinary
whom do we call if the school is shut yaar,question
hey watch out the iron was left plugged in,risk
uh street dogs near the airport looked aggressive today only,risk
i'll follow up with the teacher about the flight,task
hey haha that's funny,ordinary
by the way priya got selected for the job,info
listen no way really,ordinary
okay bye see see you,ordinary
my boss said the balcony railing is loose please look look at it,risk
task for tomorrow is to submit the form,task
you know i'm supposed to send the form to priya today,task
okay so anyway how was your day,ordinary
you know mom's fever isn't coming down since sunday only,risk
so street dogs near the bank looked aggressive today,risk
uh this song is stuck in my my head actually,ordinary
the electrician said the power will be cut,info
actually need to book a cab for 4 pm,task
still have to confirm the booking with the airport right,task
arre street dogs near the pharmacy looked aggressive today,risk
update my brother cleared the interview,info
what time does the school open on sunday na,question
i'll transfer the full amount to to aunt seema by sunday,task
hey our slot at the pharmacy got moved to 9 am,info
so did you see how crowded the bank was,ordinary
listen we agreed to keep the class at the office itself,decision
i'm worried dr mehta sounded really unwell on the call,risk
mom hasn't picked up the phone since 530,risk
um what did the doctor say about the reports right,question
okay so the electrician texted that the flight is happening at the gym,info
hey the internet banking otp came without me doing anything you know,risk
hey can you look up the number for the clinic,question
actually let's meet at 4 pm not 4 pm,decision
i'm worried priya sounded really unwell on the call,risk
so street dogs near the pharmacy looked aggressive today,risk
so dr mehta hasn't picked up the phone since lunchtime,risk
dr mehta texted that the trip is happening at the grocery store,info
um we still have to call the plumber,task
the inverter battery is swelling up don't touch it na,risk
the review venue changed to the gym,info
did you notice the wire is sparking,risk
acha okay na,ordinary
arre we'll attend to it later i guess,task
so street dogs near the airport looked aggressive today only,risk
you know the invoice finally got delivered to the school,info
long time time no see,ordinary
can you return the library books books when you get time actually,task
does anyone know where i kept the parcel,question
yeah only,ordinary
who should i contact about the tickets,question
okay then thursday early morning is locked for the party right,decision
um aunt seema said said the brakes feel loose please look at it,risk
listen that actor is so good in the weather,ordinary
what time does the market open on saturday,question
by the way did you notice the door is unlocked right,risk
first thing wednesday morning i'll collect the laundry,task
so this song is stuck in my head actually,ordinary
listen the strike is over buses are back from this weekend,info
you know the plumber hasn't picked up the phone since noon,risk
actually remind me to water the plants friday,task
first thing thursday morning i'll recharge the phone,task
i'll i'll transfer more than expected to priya by friday,task
listen the ladder is shaky don't climb it alone,risk
that actor is so good in the traffic right,ordinary
okay so hahaha good one yaar,ordinary
scrap the old plan we start fresh from tuesday,decision
by the way could you find out the fees for the interview,question
we're switching to to the new plan from sunday,decision
that meme was hilarious you know,ordinary
i will share the details with the electrician after the wedding,task
make sure the laptop reaches the plumber by early morning,task
um my back hurts from sitting all day right,ordinary
hey the brakes feel loose someone should check na,risk
you know how do we get get to the airport from here,question
so our neighbour reached safely an hour ago,info
our slot at the gym got moved to noon,info
let's cut the budget for the presentation by 1200,decision
how many people are coming to the interview,question
we'll do the interview first and collect the laundry after,decision
hmm let me think right,ordinary
did you watch the traffic yesterday,ordinary
you know can you check when the meeting starts,question
so can somebody check the status of the documents,question
actually task for this weekend is to pick up the medicine,task
update sarah cleared the interview yaar,info
we are are shifting the appointment from tomorrow to monday,decision
you know i'll get it done done and update you by 530 yaar,task
hey first thing thursday morning i'll call the plumber actually,task
our booking at the clinic is confirmed for tuesday,info
i'm secondguessing this whole plan only,decision
hey do you know what time the metro station closes right,question
our slot at the gym got moved to 8 pm,info
the inverter battery is swelling up don't touch it actually,risk
the laptop finally got delivered to the market,info
our neighbour hasn't picked up the phone since 8 pm,risk
arre update the electrician cleared the interview,info
you know cool cool,ordinary
first thing day after tomorrow morning i'll send the email,task
um our slot at the service center got moved to 7 in the evening,info
we're switching to the new plan from day after tomorrow right,decision
you know yeah i know right,ordinary
um did you watch that show yesterday,ordinary
i will share the details with priya after the trip,task
i think the brakes feel loose,risk
uh the inverter battery is swelling up don't touch it,risk
listen i've decided to quit and look for something better,decision
make sure the photos reaches priya by 4 pm,task
arre we'll get around to it i suppose,task
listen task for monday is to pay the electricity bill right,task
by the way this tea is perfect,ordinary
the new phone looks nice though you know,ordinary
how long does it take to reach the grocery store,question
task for sunday is to collect the laundry,task
so careful the milk has gone bad yaar,risk
pending item is to book the tickets don't let me forget only,task
the office is running a big sale till sunday,info
uh watch out the tap is leaking badly,risk
okay so we really need to address this at some point,ordinary
by the way moving the documents to sunday everyone okay with that done then,decision
so street dogs near the service center looked aggressive today,risk
actually i'm not sure that's going to work,decision
okay bye see you actually,ordinary
we decided to cancel the party,decision
okay so instead of buying let's just rent the laptop,decision
um first thing tomorrow morning i'll pay the electricity bill,task
how many many people are coming to the wedding,question
okay so that actor is so good in the food,ordinary
let's cut the budget for the laptop by the full amount,decision
can someone find out if the grocery store is open tuesday right,question
hey yeah i i know right,ordinary
the documents finally got delivered to the bank,info
um let's cut the budget for the medicine by more than expected,decision
i'll pick up the rent from the grocery store on my way back only,task
by the way who should i contact about the laptop,question
the deadline for the laptop moved to friday only,info
the new timings for the gym are 9 am to noon,info
um careful the brakes feel loose yaar,risk
the landlord confirmed the review is at 7 in the evening,info
let's move the interview to saturday,decision
you know let's cancel the cab and take the train,decision
uh i i have to drop the laptop at the restaurant next week,task
insurance claim got approved for 2000 rupees,info
we're switching to the new plan from thursday you know,decision
you know is there a way to reschedule the interview,question
listen watch out the brakes feel loose,risk
hey final call we're skipping the interview this time,decision
we'll do the class first and return the library books after,decision
uh i think the stove is still on,risk
note it down we must water the plants by next week,task
have to submit the charger before the flight,task
let me finish the the medicine tonight and send it over yaar,task
there's a crack on the wall near the bank getting bigger,risk
um the report finally got delivered to the restaurant only,info
we still have to renew the insurance yaar,task
haha that's funny yaar,ordinary
hey i'll call priya friday about the documents na,task
listen we decided to cancel the interview,decision
so yeah,ordinary
the electrician texted that the review is happening at the grocery store,info
hey kids these days i tell you you know,ordinary
what was the address the teacher sent,question
scrap the old plan we start fresh from saturday,decision
hey i'll get it done and update you by 7 in the evening,task
she she sings really well,ordinary
hey how do we get to the gym from here,question
uh how many people are coming to the interview,question
does anyone know where i kept the tickets,question
final call we're skipping the flight this time yaar,decision
he's always late anyway right,ordinary
nothing interesting on on tv these days,ordinary
uh pending item is to recharge the phone don't let me forget,task
arre can somebody check the status of the medicine you know,question
let's split the cost of the charger you know,decision
the interview venue changed to the pharmacy,info
is the school open on this evening or not,question
can someone find out if the service center is open tonight you know,question
i'll pick up the rent from the restaurant on my way back,task
we decided to cancel the meeting,decision
okay so low balance alert came twice something's wrong with the account,risk
long time no no see,ordinary
the results are out tuesday,info
let's do the review at 530 instead,decision
okay so should we take a cab or the metro to the airport,question
arre how are you doing right,ordinary
i love love this place,ordinary
arre nothing nothing interesting on tv these days,ordinary
we're postponing the wedding to sunday,decision
you know that link the landlord forwarded looks like a scam right,risk
you know just scrolling scrolling reels,ordinary
moving the report to thursday everyone okay with that done then,decision
actually final call we're skipping the trip this time,decision
okay so can someone find out if the service center is open this weekend yaar,question
we agreed to keep the class at the clinic itself,decision
i'll get it done and update you by 9 am,task
the new timings for the school are 1030 to 9 am,info
the dog did did the funniest thing today,ordinary
um let's book the school before the prices go up,decision
um i love this place,ordinary
we'll do the party first and pick up the medicine after,decision
so hahaha good one,ordinary
actually how are you doing,ordinary
by the way the teacher said the tap is leaking badly please look at it,risk
what documents do they need at the service center,question
the plumber reached safely an hour ago,info
someone has to submit the form before the interview,task
don't eat eat that it's been out since tonight,risk
um is there a way to reschedule the interview,question
okay then tuesday 9 am is locked for the review,decision
let's move the class to wednesday,decision
so our booking at the airport is confirmed for tonight only,info
arre how long does it take to reach the airport,question
listen the the pressure cooker whistle is stuck be careful,risk
the gym was empty today only,ordinary
by the way i miss home food,ordinary
actually what time does the clinic open on tonight you know,question
what's up you know,ordinary
how many people are coming to the call,question
can you you look up the number for the school,question
um pending item is to recharge the phone don't let me forget,task
hey don't eat that it's been out since monday only,risk
by the way the restaurant is running running a big sale till tomorrow,info
uh monsoon started early this year,ordinary
hey that actor is so good in the traffic,ordinary
hey results came and she passed with distinction,info
the landlord increased the rent rent by a lot,info
the pressure cooker whistle is stuck be be careful,risk
so watch out the iron was left plugged in right,risk
listen okay bye bye see you,ordinary
so someone has to submit the form before the review,task
by the way have to submit the rent before the appointment,task
is the grocery store open on saturday or not,question
uh kids were playing near the main road again,risk
by the way did anyone ask the teacher about the rent,question
what was the address the landlord sent,question
okay so i need to send the email before 7 in the evening,task
instead of buying let's just rent the report,decision
you know hahaha good one,ordinary
hey hahaha good one na,ordinary
watch out the wire is sparking only,risk
the documents finally got delivered to the gym,info
uh the deadline for the documents moved to sunday,info
need to book a a cab for lunchtime,task
uh the traffic was crazy as usual,ordinary
i think the stove is still on,risk
so i'm worried priya sounded really unwell on the call,risk
you know news says the bank metro line opens this evening,info
so scrap the old plan we start fresh from day after tomorrow,decision
so my brother said the stove is still on please look at it,risk
by the way we'll sort it out one of these days,task
arre what documents do they need at the gym na,question
hmm let me think actually,ordinary
which bus goes to the restaurant,question
um yeah i know right you know,ordinary
the new timings for the metro station are 7 in the evening to lunchtime,info
by the way arre wah nice,ordinary
where do we submit the rent,question
the new timings for the office are 530 to 8 pm,info
um should we take a cab or the metro to the school right,question
i'll pick up the presentation from the pharmacy on my way back you know,task
by the way careful the gas smells weird,risk
actually dr mehta is getting discharged saturday morning,info
hmm let let me think,ordinary
listen is the pharmacy open on tonight or not only,question
i said i'd help aunt seema with the presentation thursday,task
hey update ankit cleared the the interview,info
the class venue changed to the metro station,info
can you you recharge the phone when you get time,task
uh the food was really good yaar,ordinary
the results are out monday,info
what was the address my brother sent only,question
scrap the old plan we start fresh from monday,decision
i'll pick up the documents from the bank on my way back,task
first thing this weekend morning i'll book the tickets,task
uh how many people are coming to the call,question
so that meme was hilarious,ordinary
how much did we pay for the keys last time na,question
i'm not sure that's going to work,decision
could you find out the fees for the review,question
uh not sure who's handling that but someone should you know,task
careful the tap is leaking badly,risk
i'm worried my boss sounded really unwell on the call,risk
okay so what was the address priya sent,question
is it possible to change the date of the the checkup,question
by the way i'll follow up with the teacher about the flight,task
so that was a great match right,ordinary
i'm supposed to send the presentation to the teacher today,task
did you watch cricket yesterday actually,ordinary
hey hey the internet banking otp came without me doing anything you know,risk
by the way the refund of the full amount got credited today,info
so it's settled our neighbour pays for the medicine this time,decision
first thing day after after tomorrow morning i'll call the plumber you know,task
by the way the meeting got cancelled cancelled next week,info
i've decided to quit and look for something better yaar,decision
okay so our neighbour hasn't picked up the phone since noon,risk
i'm worried mom sounded really unwell on the call,risk
you know okay final we're going with the cheaper option only,decision
we should hang out sometime only,ordinary
so someone ought to take care of that,task
hey somebody has to deal with this at some point,task
listen which bus goes to the office,question
they announced a a holiday on sunday,info
my brother is getting discharged this weekend morning right,info
um how do we get to the service center from here,question
news says the market metro line opens opens tonight,info
i said i'd help mom with the laptop tonight na,task
so we agreed to keep the call at the restaurant itself,decision
um mom shifted to the new place last week,info
our neighbour's fever isn't coming down since tonight,risk
the dog did the funniest thing today right,ordinary
my boss hasn't picked up the phone since noon,risk
he's always late anyway you know,ordinary
moving the invoice to friday everyone okay with that done then,decision
is the offer on the parcel still valid right,question
somebody left the gate open all night na,risk
by the way the refund of a lot got credited today,info
let's do the party at 9 am instead,decision
you know know we're postponing the call to sunday,decision
the delivery delivery guy hasn't picked up the phone since 530,risk
um hey the tap is leaking badly someone should check you know,risk
how much did we pay for the rent last time,question
can you look up the number for the market,question
i need to pay the electricity bill before 7 in the evening,task
uh instead of buying let's just rent the parcel,decision
hey we still have to call the plumber na,task
who should i contact about the parcel na,question
don't forget to send the email you know,task
results came and she passed with distinction na,info
you know how long does it take to reach the airport,question
you know there's water leaking near the switchboard only,risk
hey i'm worried our neighbour sounded really unwell on the call you know,risk
hey this tea is perfect,ordinary
by the way that link dr mehta forwarded looks like a scam,risk
did you watch that show yesterday,ordinary
hey we'll sort it out one of these days,task
careful the wire is sparking,risk
so tired tired today man,ordinary
it's settled the delivery guy pays for the medicine this time,decision
does anyone know where i kept the photos,question
okay so is it possible to change the date of the appointment,question
by the way let's drop the idea of the review this month,decision
arre let's cancel the cab and take the train,decision
arre we'll do the call first and book the tickets after,decision
first thing day after tomorrow morning i'll call the plumber na,task
kids these days i tell you,ordinary
they announced a holiday on day after tomorrow na,info
we're we're not renewing the subscription anymore,decision
by the way it's settled priya pays for the documents this time na,decision
arre did you see how crowded the pharmacy was,ordinary
what time does the grocery store open on saturday,question
um results came and she passed with distinction yaar,info
so what time does the gym open on thursday,question
it's settled the plumber pays for the laptop this time yaar,decision
i'll follow up with the teacher about the meeting,task
listen there's a crack on the wall near the bank getting bigger,risk
we're postponing the appointment to this evening,decision
the salary got credited early early this month,info
we are shifting the trip from day after tomorrow tomorrow to next week,decision
let's move the meeting to friday,decision
okay so insurance claim got approved for half of it,info
so so that link the teacher forwarded looks like a scam,risk
hey could you find out the fees for the checkup right,question
we decided to cancel the trip,decision
you know no way really,ordinary
that link the plumber forwarded looks like a scam actually,risk
i'll call aunt seema tomorrow about the documents,task
okay final we're going with the cheaper option only,decision
hey nothing much just chilling,ordinary
ankit is getting discharged next week morning,info
does anyone know where i kept the parcel you know,question
can somebody check the status of the charger,question
actually yeah,ordinary
listen instead of buying let's just rent the parcel,decision
okay so where do we submit the form,question
uh i have to drop the medicine at the restaurant wednesday,task
okay so not sure who's handling that but someone should,ordinary
um let's move the appointment to monday,decision
i have to drop the tickets at the school sunday right,task
we're switching to the new plan from monday,decision
good morning everyone yaar,ordinary
our slot at the school got moved to 8 pm,info
what's up right,ordinary
actually let's go ahead ahead with the teacher's suggestion,decision
arre we decided to cancel the interview,decision
okay so still have to confirm the booking with the gym,task
so i will share the details with the teacher after the party actually,task
our booking at the market market is confirmed for tuesday only,info
we really need to address this at some point you know,task
hey insurance claim got approved for 500 rupees right,info
need to book a cab for 8 pm,task
you know make sure the rent reaches rahul by noon,task
let's split the cost of the parcel right,decision
so that link mom forwarded looks like a scam,risk
so kids these days i tell you,ordinary
i need to collect the laundry before 7 in the evening yaar,task
i love this place na,ordinary
okay so i said i'd help rahul with the laptop next next week,task
task for next week is to book the tickets,task
hahaha good one right,ordinary
listen i'll send the keys by friday only,task
update my boss cleared the interview,info
we should should hang out sometime actually,ordinary
okay so news says the restaurant metro line opens friday,info
you know the traffic was crazy as usual,ordinary
um the delivery guy hasn't picked up the phone since noon,risk
okay so the teacher said the floor is wet please look at it,risk
we're switching to the new plan from next week,decision
sarah's fever isn't coming down since tomorrow,risk
street dogs near near the gym looked aggressive today,risk
okay so what did the doctor say about the reports you know,question
actually my brother's fever isn't coming down since monday,risk
so i'm fine thanks,ordinary
hey the electrician said the power will be cut,info
let's do the wedding at noon instead na,decision
got the confirmation the assignment ships tomorrow,info
you know i'm skeptical this is going to work out,decision
street dogs dogs near the gym looked aggressive today,risk
um someone needs to sort this out,ordinary
uh let's do the flight at lunchtime instead,decision
by the way someone has to renew the insurance before the call,task
actually i'm worried the teacher sounded really unwell on the call,risk
hey the gas smells weird someone should check,risk
watch out the floor is wet,risk
not sure who's handling that but someone should you know,task
let's do the trip at 530 instead,decision
by the way the pressure cooker whistle is stuck be careful,risk
anyway how was your day only,ordinary
okay so how long does it take to reach the office,question
hey they announced a holiday on sunday,info
how long does it take to reach the clinic,question
the new timings for the metro station are early morning to 530,info
listen the inverter battery is swelling up don't touch it,risk
i said i'd help the plumber with the form this weekend,task
uh have to submit the laptop before the party,task
by the way fine let's not invite our neighbour then,decision
is the school open on this weekend or not,question
listen we'll do the meeting first and pay the electricity bill after,decision
can can you find a good deal on the charger,question
arre the coffee here is decent,ordinary
could you find out the fees for the interview,question
hey we still have to book the tickets,task
the plumber's fever isn't coming down since saturday,risk
there's a crack on the wall near the the grocery store getting bigger,risk
so we'll do the review first and book the tickets after,decision
the grocery store is running a a big sale till next week,info
by the way the coffee here is decent,ordinary
the restaurant is running a big sale till day after tomorrow,info
by the way my boss shifted to the new place last week,info
news says the airport metro line opens thursday,info
nothing interesting on tv these days yaar,ordinary
ankit got selected for the job yaar,info
i'll pick up the charger from the office on my way back,task
actually update mom cleared the interview,info
listen there's a crack on the wall near the gym getting bigger,risk
scrap the old plan we start fresh from this weekend,decision
is the offer on the parcel still valid,question
uh i'll pick up the rent from the pharmacy on my way back,task
listen the pressure cooker whistle is stuck be careful,risk
hey the dog did the funniest thing today,ordinary
our neighbour got selected for the job,info
by the way we agreed to keep the wedding at the school itself,decision
someone ought to take care of that,task
the new timings for the restaurant are 8 pm to lunchtime,info
arre street dogs near the market looked aggressive today,risk
i'll pick pick up the assignment from the service center on my way back,task
scrap the old plan we start fresh from thursday,decision
by the way how much did we pay for for the documents last time,question
by the way first thing saturday morning i'll collect the laundry,task
i will share the details with the landlord after the interview,task
news says the school metro line opens thursday,info
they announced a holiday on this weekend,info
okay so so tired today man,ordinary
we're switching to the new plan from tuesday,decision
let's cut the budget for the assignment by a lot,decision
you know the office is shifting to the new building day after tomorrow,info
insurance claim got approved approved for a lot,info
by the way what was the address the landlord sent only,question
mom said the stove is still on please look at it,risk
arre lol,ordinary
listen still have to confirm the booking with the school,task
the deadline for the assignment moved to sunday,info
so fine let's not invite the electrician then,decision
the pressure cooker whistle is stuck be careful,risk
i'll pick up the assignment from the bank on my way back,task
someone has to book the tickets before the trip,task
hey hey i have to drop the medicine at the clinic sunday,task
the plumber got got selected for the job,info
news says the gym metro line opens monday,info
i'll call rahul thursday about the presentation only,task
how long does it take to reach the the market,question
uh the pressure cooker whistle is stuck be careful right,risk
by the way we'll do the appointment first and renew the insurance after yaar,decision
hey instead of buying let's just rent the invoice,decision
i'll get it done and update you by 530,task
hey our booking at the airport is confirmed for tuesday,info
does anyone know where i kept the assignment,question
did anyone ask ankit about the tickets,question
you know i'll follow up with dr mehta about the party,task
you know we'll deal with it eventually you know,ordinary
someone has to pick up the medicine before the review,task
actually there's a crack on the wall near the school getting bigger,risk
so we'll do the interview first and call the plumber after,decision
arre we still have to recharge the phone,task
did you see how crowded the service center was,ordinary
listen the clinic is running a big sale till friday actually,info
um did you see how crowded the service center was,ordinary
news says the gym metro line opens next week na,info
note it down down we must water the plants by this weekend,task
um okay bye see you,ordinary
hey did you see how crowded the metro station was right,ordinary
by the way did you see how crowded the market was na,ordinary
the clinic is running a big sale till tonight,info
actually can you check when the wedding starts,question
we really need to address this at some point you know,ordinary
actually actually just scrolling reels,ordinary
the trip venue changed to the bank,info
dr mehta's fever isn't coming down since this weekend,risk
so i'm worried my brother sounded really unwell on the call,risk
okay so just heard that the flight got delayed na,info
dr mehta hasn't picked up the phone since noon,risk
hey the door is unlocked someone should check yaar,risk
can you find a good deal on the medicine,question
pending item is to send the email don't let me forget,task
where do we submit the assignment right,question
listen final call we're we're skipping the party this time,decision
uh let's go ahead with priya's suggestion,decision
you know don't forget to fix the tap,task
actually someone has to book the tickets before the party,task
he's always always late anyway actually,ordinary
so we agreed to keep the appointment at the airport itself only,decision
dad texted that the wedding is happening at the school,info
the gym is running a big sale till saturday,info
does anyone know where i kept the charger,question
instead of buying let's just rent the tickets,decision
um the gym was empty today you know,ordinary
um monsoon started early this year only,ordinary
i'll send the invoice by day after tomorrow,task
by the way need to book a cab for 4 pm,task
by the way is it possible to change the date of the flight,question
i have to drop the laptop at the restaurant this evening you know,task
we still have to return the library library books,task
so haha that's funny,ordinary
you know so tired today man,ordinary
watch out the floor is wet na,risk
um aunt seema got selected for the job,info
note it down we must collect the laundry by wednesday,task
let's go ahead with our neighbour's suggestion,decision
okay then wednesday 7 in the evening is locked for the meeting,decision
arre can you submit the form form when you get time,task
so priya got selected for the job,info
we'll take the morning morning train instead of the flight,decision
hey got the confirmation the assignment ships ships friday,info
is the offer on the report still valid,question
let's cut the budget for the tickets by the full amount,decision
somebody should look into that soon actually,task
lol actually,ordinary
we agreed to keep the wedding at the grocery store itself,decision
so the traffic was crazy as usual,ordinary
listen we'll attend to it later i guess,ordinary
arre how do we get to the restaurant from here,question
the electrician texted that the class is happening at the the bank,info
how much did we pay for the invoice last time,question
listen the traffic was crazy as usual,ordinary
long time no see na,ordinary
the deadline for the rent moved to next week,info
actually hmm yeah makes sense only,ordinary
you know our booking at the service center center is confirmed for day after tomorrow,info
results came and she passed passed with distinction,info
my boss hasn't picked up the phone since 530,risk
uh is it possible to change the date of the call,question
the strike is over buses are are back from saturday,info
let's do the flight at at 8 pm instead,decision
listen someone has to call the plumber before the appointment,task
arre we should hang out sometime na,ordinary
our slot at the gym got moved to lunchtime,info
rahul confirmed the checkup is at lunchtime yaar,info
listen got the confirmation the report ships next week,info
listen how much did we pay for the parcel last time,question
uh let's drop the idea of the class this month,decision
by the way don't eat that it's been out since tonight right,risk
can someone find out if the airport is open wednesday,question
moving the medicine to saturday everyone okay with that done then you know,decision
arre the internet banking otp came without me doing anything,risk
arre i'll transfer a lot to rahul by thursday,task
is there a way to reschedule the appointment only,question
by the way task for tuesday is to return the library books,task
the new timings for the school are 4 pm to 530,info
uh what what did the doctor say about the reports,question
listen is it possible to change the date of the appointment,question
dr mehta hasn't picked up the phone since 8 pm yaar,risk
um still have to confirm the booking with the office,task
ankit said the prices went up again,info
just heard that the office is shifting to the new building,info
listen they announced a holiday on this weekend,info
so there's a crack on the wall near the service center getting bigger,risk
we decided to cancel the party actually,decision
sarah hasn't picked up the phone since early morning,risk
how many people are coming to the checkup,question
okay so did you watch that show yesterday right,ordinary
actually did anyone ask the teacher about the photos,question
you know i'll transfer the full amount to mom by thursday,task
you know i said i'd help aunt seema with the keys sunday,task
our booking at the market is confirmed for sunday,info
uh the extension board is overheating unplug it na,risk
i said i'd help aunt seema with the presentation tuesday,task
so did anyone ask sarah about the tickets,question
can somebody check the status status of the presentation actually,question
okay so careful the gas smells weird,risk
task for tonight is to pay the electricity bill actually,task
ankit texted that the flight is happening at the service center,info
you know actually let's meet at lunchtime not 9 9 am,decision
decided we're selling the old bike only,decision
is there a way to reschedule the meeting,question
the meeting venue changed to the market,info
i'll call dad next week about the documents,task
the wedding venue changed to the bank,info
arre we'll deal with it eventually,ordinary
uh aunt seema confirmed the class is at 4 pm you know,info
i have to drop the form at the bank tomorrow,task
um where do we submit the tickets,question
you know did you see how crowded the office was na,ordinary
okay so hey the milk has gone bad someone someone should check,risk
you know do you know what time the metro station closes,question
the geyser was on the whole night that's risky yaar,risk
so our neighbour said the milk has gone bad please look at it,risk
mom texted that the class is happening at the service center,info
can somebody check the status of the documents actually,question
hey watch out the milk has gone bad,risk
the refund of the full amount got credited today you know,info
that link the teacher forwarded looks like a scam only,risk
actually that actor is so good in the news,ordinary
our neighbour said the wire is sparking please look at it,risk
actually that was a great match,ordinary
okay then monday 1030 is locked for the class you know,decision
i'll pick up the medicine from the pharmacy on my way back,task
um i have to drop the presentation at the metro station monday,task
our slot at the bank got moved to 1030,info
listen i smell something burning from the kitchen,risk
hey dr mehta got selected for the job,info
first thing next week morning i'll recharge the phone,task
news news says the clinic metro line opens this evening,info
by the way the extension board is overheating unplug it,risk
hey you take care of the charger and i'll handle the rest,task
that was a great great match,ordinary
my brother is is getting discharged tuesday morning,info
listen can someone find out if the bank is open day after tomorrow,question
you you know is the market open on next week or not,question
so the pressure cooker whistle is stuck be careful,risk
so i think the gas smells weird actually,risk
that actor is is so good in that movie,ordinary
arre there's water leaking near the switchboard you know,risk
can someone find out if the metro station is open friday,question
listen okay then wednesday 1030 is locked for the flight,decision
the landlord increased the rent by a lot,info
let's split the cost of the parcel,decision
okay so i'll transfer a lot to my brother by this evening,task
task for wednesday is to fix the tap,task
so let's cut the budget for the medicine by more than expected,decision
arre did you notice the wire is sparking yaar,risk
hey low balance alert came twice something's wrong with the account,risk
you know can you find a good deal on the photos yaar,question
so does anyone know where i kept the keys,question
arre nothing much just chilling,ordinary
arre what was the address the landlord sent,question
our neighbour said the balcony railing is loose please look at it,risk
should we take a cab or the metro to the gym right,question
not sure this is going to pan out,decision
actually the plumber hasn't picked up the phone since 7 in the evening,risk
rahul is getting discharged tuesday morning,info
do you know what time the restaurant closes,question
the landlord increased the rent by the full amount,info
i said i'd help the teacher with the form tonight,task
is the metro station open on tuesday or not,question
the strike is over buses are back from thursday,info
i have to drop the laptop at the office day after tomorrow actually,task
is the pharmacy open on monday or not,question
hey the ladder is shaky don't climb it alone,risk
arre let's drop the idea of the wedding this month,decision
i love this place actually,ordinary
first thing this weekend morning i'll pay the electricity bill only,task
you know street dogs near the restaurant looked aggressive today,risk
by the way did anyone ask sarah about the laptop you know,question
the refund of half of it got credited today,info
can someone find out if the office is open tomorrow,question
by the way way our slot at the metro station got moved to 4 pm,info
by the way how much did we pay for the assignment last time,question
remind me to collect the laundry tuesday,task
street dogs near the grocery store looked aggressive today yaar,risk
hey the internet banking otp came without me doing anything,risk
actually can someone find out if the restaurant is open this evening right,question
we're postponing the party to tomorrow,decision
hey just heard that the train is running late right,info
the the bike's tyre looks completely worn out,risk
actually not sure who's handling that but someone should,task
the bank is running a big sale till next week,info
okay so there's a crack on the wall near the school getting bigger na,risk
uh is the offer on the tickets still valid,question
you know my boss's fever isn't coming down since this evening,risk
arre cool cool right,ordinary
um we're switching to the new plan from friday right,decision
how much did we pay for the assignment last time you know,question
um note it down we must book the tickets by this weekend,task
update the delivery guy cleared the interview yaar,info
that meme was hilarious na,ordinary
the teacher hasn't picked up the phone since noon,risk
arre okay okay final we're going with the cheaper option,decision
the strike is over buses are back from monday,info
so is the bank open on wednesday or not,question
uh that that meme was hilarious,ordinary
so let's do the wedding at early morning instead right,decision
where do we submit the invoice,question
uh the meeting venue changed to the clinic,info
we'll get around to it i suppose,ordinary
uh what documents do they need at the gym,question
hey the delivery guy's fever isn't coming down since day after tomorrow,risk
hey we're not renewing the subscription anymore only,decision
who should i contact about the report na,question
by the way i need to return the library books before 9 am,task
we'll do the party first and collect the laundry after,decision
actually we are shifting the wedding from wednesday to monday,decision
there's water leaking leaking near the switchboard,risk
hey the pressure cooker whistle is stuck be careful,risk
got the confirmation the form ships this weekend,info
actually ankit hasn't picked up the phone since 1030,risk
listen whom do we call if the service center is shut,question
did anyone ask mom about the rent,question
let's split the cost of the medicine,decision
no way really na,ordinary
okay so the extension board is overheating unplug unplug it you know,risk
dad texted that the wedding is happening at the clinic,info
does anyone know where i kept the invoice,question
the assignment finally got delivered to the bank,info
hey that meme was hilarious,ordinary
the strike is over buses are back from day after tomorrow,info
what time does the restaurant open on tomorrow,question
okay so arre wah nice you know,ordinary
by the way can you find a good deal on the keys,question
can someone find out if the school is open this weekend,question
by the way so tired today man actually,ordinary
dr mehta hasn't picked up the phone since 8 pm,risk
hey did you notice the milk has gone bad,risk
okay so someone has to call the plumber before the flight,task
the new timings for the grocery store are early morning to 4 pm,info
the delivery guy is coming down wednesday for the meeting,info
should we take a cab or the metro to the airport,question
okay final we're going with the cheaper option actually,decision
okay so cool cool,ordinary
hey update my brother cleared the interview,info
what was the address mom sent na,question
who should i contact about the medicine you know,question
okay so our slot at the grocery store got moved to noon,info
nothing interesting on tv these days days actually,ordinary
the landlord hasn't picked up the phone since 1030,risk
instead of buying let's just rent the invoice,decision
did you notice the milk has gone bad yaar,risk
actually the ceiling fan is wobbling badly get it checked,risk
how long does it take to reach the market only,question
um our booking at the grocery store is confirmed for monday,info
by the way okay then friday 530 is locked for the appointment,decision
okay then tomorrow early morning is locked for the review,decision
we decided to cancel the appointment actually,decision
by the way low balance alert came twice something's wrong with the account,risk
let's do the interview at 530 instead,decision
he's always late anyway actually,ordinary
actually i had biryani for lunch,ordinary
the medicine expired last month month don't take it,risk
you know i miss home food you know,ordinary
so dad said the stove is still on please look at it,risk
don't forget to book the tickets yaar,task
actually i've decided to quit and look for something better,decision
mom shifted to the new place last week,info
got the confirmation the documents ships monday,info
i miss home food,ordinary
you know the dog did the funniest thing today,ordinary
monsoon started started early this year actually,ordinary
scrap the old plan we start fresh from day after tomorrow,decision
the deadline for the rent moved moved to monday,info
um the medicine expired last month don't take it,risk
uh let's let's cancel the cab and take the train actually,decision
so monsoon started early this year,ordinary
okay so i'm worried our neighbour sounded really unwell on the call,risk
listen the ceiling fan is wobbling badly get it checked,risk
the plumber reached safely an hour hour ago,info
news says the metro station metro line opens tomorrow,info
listen i will share the details with priya after the checkup,task
by the the way street dogs near the restaurant looked aggressive today,risk
hey make sure the documents reaches ankit by 9 am,task
um what was the address the electrician sent,question
actually careful the stove is still on,risk
what time does the clinic open on next week,question
how many people are coming to the appointment,question
listen don't eat that it's been out since day after tomorrow,risk
did you see how crowded the gym was,ordinary
okay so is the offer on the invoice still valid,question
uh watch out the brakes feel loose,risk
can someone find out if the airport is open open tomorrow,question
so the deadline for the medicine moved to tomorrow,info
by the way did anyone ask rahul about the report,question
priya got selected for the job,info
can somebody check the status of the keys,question
let's do the call at noon instead,decision
somebody should look into that soon actually,ordinary
can you look up the number for the pharmacy,question
okay so decided we're selling the old bike,decision
no way really right,ordinary
hey what a boring day yaar,ordinary
hey careful the door is unlocked actually,risk
um is the office open on tuesday or not,question
there's a crack on the wall near the market getting bigger right,risk
what time does the market open on tomorrow na,question
the new timings for the grocery store are early morning to lunchtime,info
you know lol,ordinary
actually update dad cleared the interview yaar,info
arre there's a crack on the wall near the airport getting bigger,risk
you know that was a great match,ordinary
so i i miss home food,ordinary
listen actually let's meet at 530 not 8 pm yaar,decision
how are you doing,ordinary
cool cool right,ordinary
good morning everyone na,ordinary
you know it's settled our neighbour pays for the medicine this time you know,decision
we decided to cancel cancel the wedding,decision
the bike's tyre looks completely worn out actually,risk
so i'll transfer 1200 to my boss by wednesday,task
note it down we must pick up the medicine by tonight you know,task
have to submit the tickets before the flight,task
the the gym was empty today,ordinary
um how long does it take to reach the market,question
let's cut the budget for the medicine by more than expected,decision
uh the train is running late this weekend right,info
the landlord increased the rent by 1200,info
pending item is to water the plants don't let me forget,task
what was the address rahul sent,question
uh i miss miss home food,ordinary
should we take a cab or the metro to the office,question
uh final call we're skipping the checkup this time,decision
so street dogs near the metro station looked aggressive today,risk
my boss hasn't picked up the phone since 1030,risk
i'm i'm fine thanks,ordinary
we'll get around to it i suppose,task
arre whom do we call if the bank is shut you know,question
arre what did the doctor say about the reports na,question
listen let's cut the budget for the documents by 2000 rupees,decision
who should i i contact about the rent,question
need to book a cab for lunchtime,task
hey the bike's tyre looks completely worn out,risk
the traffic was crazy as usual na,ordinary
we are shifting the class from day after tomorrow to wednesday,decision
my boss said the iron was left plugged in please look at it,risk
by the way let's cut the budget for the rent by 500 rupees you know,decision
our neighbour confirmed the review is at noon,info
i think the iron was left plugged in only,risk
arre i smell smell something burning from the kitchen,risk
fine let's let's not invite our neighbour then,decision
i will share the details with the delivery guy after the flight actually,task
i i love this place,ordinary
so don't eat that it's been out since tuesday actually,risk
by the way i need to water the plants before 8 pm,task
final call we're skipping the interview this time,decision
um the deadline for the tickets moved to day after tomorrow right,info
um final call we're skipping the interview this time,decision
listen i'll transfer 500 rupees to my brother by tonight,task
hey arre wah nice,ordinary
let's go ahead with the electrician's suggestion,decision
i said i'd help ankit with the charger tuesday,task
which bus goes to the airport,question
by the way the deadline for the laptop moved to thursday,info
that link mom forwarded looks like a scam,risk
i will share the details with the landlord after the review actually,task
is there a way to reschedule the trip yaar,question
the teacher got selected for the job,info
the landlord increased the rent by by the full amount,info
the internet banking otp came without me doing anything only,risk
actually the medicine expired last last month don't take it,risk
arre i miss home food only,ordinary
okay so let's move the trip to saturday yaar,decision
what time does the service center open on saturday,question
they announced a holiday on this evening only,info
someone has to book the tickets before the call,task
actually street dogs near the pharmacy looked aggressive today,risk
so did you notice the door is unlocked,risk
note it down we must send the email by day after tomorrow,task
let's drop the idea of the class this month,decision
by the way there's water leaking near the switchboard right,risk
street dogs near the metro station looked aggressive today you know,risk
i'll get it done and update you by lunchtime,task
scrap the old plan we start fresh from friday right,decision
we're postponing the party to friday,decision
moving the tickets to day after tomorrow everyone okay with that done then,decision
is there there a way to reschedule the party,question
by the way i'll pick up the invoice from the grocery store on my way back,task
the exam got postponed saturday,info
the office is running a big big sale till tuesday,info
actually how long does it take to reach the school,question
this song is stuck in my head you know,ordinary
hey the tap is leaking badly someone should check actually,risk
hey this song is stuck in my head,ordinary
listen what time does the office open on monday,question
what documents do they need at the clinic yaar,question
monsoon started early this year,ordinary
um pending item is to send the email don't let me forget,task
actually this tea tea is perfect,ordinary
the assignment finally got delivered to the pharmacy,info
moving the charger to this evening everyone okay with that done then,decision
so okay then this weekend 4 pm is locked for the appointment,decision
um can somebody somebody check the status of the rent,question
i need to recharge the phone before lunchtime,task
hey okay then saturday 8 pm is locked for the meeting,decision
it's settled priya pays for the photos this time,decision
by the way i smell something burning from the kitchen,risk
actually what did did the doctor say about the reports you know,question
actually fine let's not invite my boss then actually,decision
listen anyway how was your day,ordinary
so we are shifting the wedding from friday to day after tomorrow,decision
by the way nothing interesting on tv these days only,ordinary
listen the dog did the funniest thing today actually,ordinary
actually dr mehta said the iron was left plugged in please look at it,risk
what time does the bank open on tuesday,question
by the way street dogs near the market looked aggressive today,risk
did anyone ask the electrician about the photos only,question
arre we still have to pick up the medicine,task
can you fix the tap when you get time,task
that meme was hilarious only,ordinary
the new phone looks nice nice though,ordinary
let's move the class to this weekend,decision
can someone find out if the grocery store is open thursday,question
hey okay bye see you,ordinary
the refund of 2000 rupees got credited today na,info
dad said the flight got delayed,info
listen hey the door is unlocked someone should check,risk
um we should probably fix this sometime actually,ordinary
we decided to cancel the call na,decision
okay so we are shifting the trip from tuesday to saturday,decision
uh how much did we pay for the medicine last time,question
hey he's always late anyway,ordinary
who should i contact about the documents,question
uh the refund of a lot got credited today actually,info
arre i'll follow up with the electrician about the call,task
so first thing day after tomorrow morning i'll send the email,task
my brother got selected for the job right,info
yeah i know right actually,ordinary
actually the gym was empty today,ordinary
arre the dog did the funniest thing thing today,ordinary
listen pending item is to pay the electricity bill don't let me forget,task
arre can somebody check the status of the assignment,question
arre we'll deal with it eventually,task
you know just scrolling reels,ordinary
we'll do the party first and pay the electricity bill after na,decision
okay so our slot at the airport got moved to 4 pm,info
actually did you see how crowded the pharmacy was,ordinary
so note it down we must water the plants by day after tomorrow,task
the refund of 1200 got credited today,info
the internet banking otp came without me doing anything you know,risk
the new timings for the gym are 9 am to 4 pm,info
the strike is over buses are back from tuesday,info
okay so first thing friday morning i'll submit the form,task
the geyser was on the whole night that's risky,risk
so watch out the floor is wet,risk
instead of buying let's just rent the documents,decision
actually whom do we call if the bank is is shut,question
arre the plumber is getting discharged saturday morning,info
by the way let's do the trip at early morning instead,decision
listen our slot at the market got moved to 9 am,info
can you check when the trip starts,question
okay so who should i contact about the photos,question
by the way hmm let me think,ordinary
okay so let's cancel the cab and take the train,decision
actually first thing next week morning i'll submit the form yaar,task
i'll i'll follow up with priya about the checkup,task
the delivery guy said the tap is leaking badly please look at it,risk
okay so make sure the medicine reaches sarah by 8 pm,task
the delivery guy's fever isn't coming down since this evening actually,risk
how many people are coming to the meeting,question
let's go ahead with with the plumber's suggestion yaar,decision
you take care of the assignment and i'll handle the rest you know,task
actually okay bye see you na,ordinary
nothing much just chilling,ordinary
we agreed to keep the class at the bank itself,decision
actually who should i contact about the keys actually,question
rahul confirmed the interview is at early morning,info
listen you take care of the report and i'll handle the rest,task
got the confirmation the laptop ships tonight,info
um our slot at the school got moved to 7 in the evening only,info
um what's up,ordinary
actually they announced a holiday on sunday,info
that link aunt seema forwarded looks like a scam yaar,risk
by the way we should probably fix this sometime,ordinary
hey long time no see,ordinary
arre don't eat that it's been out since friday,risk
okay so whom do we call if the pharmacy is shut,question
long time no see you know,ordinary
okay so we're postponing the party to wednesday,decision
pending item is to recharge the phone don't let me forget only,task
by the way what's up actually,ordinary
insurance claim got approved for 1200 na,info
what did the doctor say about about the reports,question
so how long does it take to reach the clinic,question
i'm worried my brother sounded really unwell on the call actually,risk
let's cut the budget for the charger by 500 rupees,decision
let's split the cost of the form,decision
so the bike's tyre looks completely worn out actually,risk
arre i said i'd help mom with the presentation tuesday,task
careful the stove is still on,risk
hey don't forget to pay the electricity bill,task
by the way the ceiling fan is wobbling badly get it checked you know,risk
hey is it possible to change the date of the interview,question
let's cut the budget for the charger by the full amount yaar,decision
um can somebody check the status of the medicine,question
can someone find out if the bank is open tonight,question
listen street dogs near the market looked aggressive today,risk
let's split the the cost of the keys,decision
we are shifting the checkup from saturday to next week,decision
actually kids these days i tell you,ordinary
um part of me thinks this won't work,decision
lol right,ordinary
arre the gym was empty today actually,ordinary
dr mehta hasn't picked up the phone since lunchtime,risk
can you submit the form when you get time actually,task
someone has to pick up the medicine before the flight,task
arre so tired today man,ordinary
hey did you see how crowded the market was na,ordinary
by the way the airport is running a big sale till next week,info
i doubt that's going to go smoothly yaar,decision
that link ankit forwarded looks like a scam,risk
by the way the metro station is running a big sale till this evening you know,info
you know update sarah cleared the interview,info
okay so the gym was empty today only,ordinary
uh uh careful the tap is leaking badly,risk
low balance balance alert came twice something's wrong with the account,risk
hey oh nice,ordinary
um who should i contact about the medicine,question
let's cut the budget for the keys by 500 rupees,decision
what time does the office office open on day after tomorrow only,question
okay so did you notice the wire is sparking,risk
got the confirmation the documents ships saturday,info
you take care of the documents and i'll handle the rest,task
you take care of the laptop and i'll handle the rest,task
i'm not totally sure this is the right call you know,decision
let's cancel the cab and take the train na,decision
can somebody check the status of the parcel,question
i'll send the assignment by tomorrow,task
the new timings for the clinic are 9 9 am to early morning,info
so my brother said the results are out,info
don't eat that it's been out since this weekend,risk
um can somebody check the status of the presentation right,question
who should i contact about the the report,question
arre arre the bike's tyre looks completely worn out,risk
hey let's move the review to sunday,decision
okay so make sure the charger reaches my boss by 4 pm,task
by the way first thing tomorrow morning i'll call the plumber,task
okay so the grocery store is is running a big sale till friday only,info
kids were playing near the main road again,risk
let's cut the budget for the charger by 2000 rupees,decision
what documents do they need at the restaurant yaar,question
hey does anyone know where i kept the tickets,question
how much did we pay for the photos last time,question
so don't eat that it's been out since saturday,risk
can you look up the number for the office,question
low balance alert came twice something's wrong with the account actually,risk
priya confirmed the trip is at noon only,info
um i need to renew the insurance before 8 pm,task
our neighbour said the gas smells weird please look at it,risk
hey our slot at the grocery store got moved to 1030,info
hey i will share the details with my boss after the wedding,task
so the strike is over buses are back from sunday,info
i smell something burning from the kitchen actually,risk
note it down we must call the plumber by wednesday na,task
by the way lol only,ordinary
you know we'll take the morning train instead of the flight,decision
uh the refund of a lot got credited today,info
listen have to submit the tickets before the trip,task
arre there's a crack on the wall near the market getting bigger na,risk
arre we'll get around to it i suppose,ordinary
this song is stuck in my head only,ordinary
you know he's always late anyway,ordinary
i had biryani for lunch,ordinary
can you find a good deal on the tickets,question
update the electrician cleared the interview,info
hey it's settled mom pays for the presentation this time,decision
did you watch cricket yesterday,ordinary
watch out the iron was left plugged in,risk
hey we decided to cancel the party,decision
update aunt seema cleared the interview yaar,info
the plumber's fever isn't coming down since tomorrow you know,risk
uh careful the tap is leaking badly,risk
arre our slot at the clinic got moved to 4 pm only,info
we are shifting the meeting from this evening to saturday,decision
uh my boss hasn't picked up the phone since 8 pm actually,risk
i'm fine thanks,ordinary
arre i'll call dad sunday about the presentation,task
hey we should hang out sometime,ordinary
the grocery store is running a big sale till next week,info
okay so someone has to pick up the medicine before the trip,task
um i'll pick up the keys from the restaurant on my way back,task
okay so somebody left the gate open all night,risk
by the way my back hurts from sitting sitting all day,ordinary
you know that link priya forwarded looks like a scam,risk
listen nothing interesting on tv these days right,ordinary
hey long time no see na,ordinary
okay so what a boring day yaar,ordinary
what was the address the plumber sent,question
actually i'll call sarah this evening about the presentation,task
listen kids these days i tell you you you know,ordinary
should we take a cab or the metro to the bank,question
we're switching to the new plan from thursday only,decision
mom reached safely an hour ago,info
actually i have to drop the tickets at the service center wednesday you know,task
actually just heard that the school is closed,info
uh let's move the interview to to this evening,decision
results came and she passed with distinction right,info
i'll call dad tuesday about the rent,task
i think the floor is is wet,risk
how do we get to the bank from here,question
by the way did you notice the tap is leaking badly,risk
okay so aunt seema confirmed the review is at early morning,info
we'll sort it out one of these days,ordinary
hey we're switching to the new plan from monday,decision
hey priya confirmed the party is at noon,info
the deadline for the medicine moved to day after tomorrow right,info
moving the presentation to wednesday everyone okay with that done then,decision
you know don't eat that it's been out since this evening,risk
by the way aunt seema got selected for the job,info
arre what a boring day,ordinary
hey task for tuesday is to call the plumber,task
i don't know if that's going to hold up right,decision
actually the medicine expired last month don't take it,risk
actually how do we get to the market from here only,question
um my brother got selected for the job,info
uh that meme was hilarious na,ordinary
okay so our neighbour got selected for the job,info
you know can you check when the interview starts yaar,question
actually should we take a cab or or the metro to the pharmacy,question
arre kids were playing near the main road again right,risk
arre did you see how crowded the market was,ordinary
still have to confirm the booking with the gym,task
by the way the pressure cooker whistle is stuck be careful right,risk
that link rahul forwarded forwarded looks like a scam,risk
okay so let's drop the idea of the meeting this month,decision
is it possible to change the date of the flight yaar,question
does anyone know where i kept the rent,question
we'll take the morning train instead of the flight na,decision
i'll call the delivery guy sunday about the charger,task
the grocery store is running a big sale till tuesday,info
so i have to drop the laptop at the pharmacy thursday actually,task
make sure the tickets reaches dad by 8 pm,task
he's he's always late anyway,ordinary
i'll transfer a lot to the electrician by sunday,task
did anyone ask rahul about the medicine,question
the refund of 2000 rupees got credited today today you know,info
the gym was empty today yaar,ordinary
hahaha good one actually,ordinary
listen the landlord increased the rent by 1200,info
i need to fix the tap before lunchtime you know,task
the ladder is shaky don't climb it alone you know,risk
the photos finally got delivered to the service center,info
okay so first thing saturday morning i'll send the email,task
by the way the deadline for the invoice moved to friday,info
actually should we take a cab or the metro to the service center right,question
okay so there's a crack on the wall wall near the grocery store getting bigger,risk
actually can you find a good deal on the documents,question
by the way not convinced this plan works,decision
arre the ladder is shaky don't climb it alone,risk
is there a way to reschedule the trip,question
i'll pick up the form from the restaurant on my way back,task
okay so someone has to return the library books before the flight,task
okay so i'll pick up the parcel from the school on my way back only,task
actually just scrolling reels,ordinary
watch out the stove is still on yaar,risk
you know did you notice the iron was left left plugged in,risk
so instead of buying let's just rent the form,decision
actually let's meet at early morning not 7 in the evening,decision
so do you know what time the bank closes,question
cool cool na,ordinary
you know is is the offer on the laptop still valid,question
okay bye see you you know,ordinary
let's book the office before the prices go up,decision
there's water leaking near the switchboard only,risk
the salary got credited early this month actually,info
can you check when the meeting starts,question
the teacher texted that the trip is happening at the pharmacy,info
so i will share the details with the plumber after the flight you know,task
we should hang out sometime you know,ordinary
by the way the dog did the funniest thing today,ordinary
by the way final call we're skipping the review this time,decision
the checkup venue changed to the metro station,info
what what documents do they need at the school right,question
whom do we call if the market is shut,question
final call we're skipping the review this time,decision
so aunt seema said the balcony railing is loose please look at it yaar,risk
hey i love this place,ordinary
arre the extension board is overheating unplug it you know,risk
okay so the teacher confirmed the party is at lunchtime,info
first thing day after tomorrow morning i'll renew the insurance,task
insurance claim got approved for the full amount,info
actually the party venue changed to the bank,info
by the way don't eat that it's been out since tonight,risk
okay so the coffee here is decent,ordinary
uh uh oh nice,ordinary
is it possible to change the date of the class,question
so don't forget to renew the insurance,task
there's a crack on the wall near the airport getting bigger na,risk
aunt seema said the stove stove is still on please look at it,risk
hey whom do we call if the restaurant is shut,question
you know insurance claim got approved for more than expected,info
listen rahul said the balcony railing is loose please look at it,risk
um someone needs to sort this out,task
listen don't eat that it's been out since sunday,risk
arre monsoon started early this year,ordinary
um let's book the pharmacy before the prices go up,decision
my boss said the door is unlocked please look at it,risk
somebody should look into that soon,task
listen you take care of the keys and i'll handle the rest,task
arre i'll follow up with rahul about the appointment,task
listen still have to confirm the booking with the bank na,task
moving the invoice to tomorrow everyone okay with that done then,decision
so is it possible to change the date of the class na,question
listen no way really actually,ordinary
okay so what did the doctor say about the reports actually,question
let's do the review at 4 pm instead,decision
i miss home food you know,ordinary
um my boss is getting discharged tuesday morning only,info
priya confirmed the checkup is at 9 am right,info
okay so my back hurts from sitting all day,ordinary
the electrician shifted to the new place last week na,info
which bus goes to to the grocery store,question
uh is the offer on the invoice still valid,question
actually kids these days i tell you right,ordinary
the teacher reached safely an hour ago,info
can you look up the number for the grocery store actually,question
hey let's do the appointment at 7 in the evening instead only,decision
what was the address the teacher sent right,question
i'll follow up with ankit about the flight,task
i'll transfer half of it to my brother by this weekend,task
hey something about this doesn't feel right,decision
let's go ahead with priya's suggestion,decision
by the way is it possible to change the date of the interview,question
so hmm yeah makes sense,ordinary
the landlord said the tap is leaking badly please look at it,risk
uh the geyser was on the whole night that's risky,risk
uh can someone find out if the airport is open thursday,question
whom do we call if the pharmacy is shut,question
arre the landlord increased the rent by 2000 rupees,info
news says the service center metro line opens this evening,info
how do we get to the pharmacy from here,question
fine let's not invite priya then,decision
is the clinic open on tomorrow or not you know,question
we agreed to keep the meeting at the clinic itself yaar,decision
let me finish the assignment tonight and send it over,task
okay so how long does it take to reach the service center,question
you know i have to drop the presentation at the office monday,task
uh okay bye see you actually,ordinary
results came and she passed with distinction,info
can you water the plants when you get time,task
hey decided we're selling the old bike,decision
you know instead of buying let's just rent the photos,decision
aunt seema hasn't picked up the phone since early morning,risk
you know you take care of the rent and i'll handle the rest,task
i'm worried ankit sounded really unwell on the call right,risk
let's move the interview to monday,decision
is it possible to change the date of the meeting,question
can somebody check the status of the medicine na,question
somebody should look into that soon only,task
could you find find out the fees for the party,question
i said i'd help priya with the presentation this evening,task
you take care of the parcel and i'll handle the rest,task
news says the service center metro line opens day after tomorrow,info
can you check when the trip starts yaar,question
you know you take take care of the invoice and i'll handle the rest,task
what time does the market open on next week,question
by the way i have to drop the report at the school this weekend,task
what documents do they need at the airport actually,question
it's settled aunt seema pays for the report this time,decision
the delivery guy hasn't picked up the phone since 9 am yaar,risk
you know they announced a holiday on monday,info
we agreed to keep the wedding at the service center itself,decision
arre we agreed to keep the class at the pharmacy itself,decision
listen let's do the flight at 4 pm instead,decision
the exam got postponed friday,info
uh we should hang out sometime,ordinary
priya said the milk has gone bad please look at it,risk
rahul hasn't picked up the phone since 1030,risk
um we're postponing the flight to tonight,decision
the form finally got delivered to the grocery store right,info
so the inverter battery is swelling up don't touch it,risk
can you find find a good deal on the form,question
so is it possible to change the date of the review,question
that actor is so good in that show,ordinary
i'll send the parcel by by wednesday,task
there's a crack on the wall near the grocery store getting bigger,risk
let me finish the photos tonight and send it over,task
okay so i'll pick up the documents from the airport on my way back,task
okay then thursday 1030 is locked for the wedding,decision
um yeah i know right,ordinary
okay so is the offer on the documents still valid,question
by the way we'll deal with it eventually,ordinary
remind me to send the email friday only,task
arre wah nice,ordinary
so our booking at the clinic is confirmed for friday right,info
got the confirmation the report ships sunday,info
actually the exam got postponed sunday actually,info
arre that actor is so good in the weather,ordinary
should we take a cab or the metro to the restaurant,question
i'm secondguessing this whole plan,decision
you know good morning everyone,ordinary
actually we decided to cancel the review,decision
just heard that the power will be cut,info
street dogs near the service center looked aggressive today,risk
the gym was empty empty today,ordinary
so sarah reached safely an hour ago,info
listen scrap the old plan we start fresh from thursday,decision
okay then this evening early morning is locked for the interview,decision
is the offer on the rent still valid you know,question
so how much did we pay for the laptop last time,question
so does anyone know where i kept the parcel you know,question
let's do the party at 8 pm instead,decision
how are you doing yaar,ordinary
so don't eat that it's been out since tomorrow,risk
you know the review venue changed to the school actually,info
got the confirmation the parcel ships saturday,info
nothing nothing much just chilling na,ordinary
the strike is over buses are back from tonight,info
listen let's cancel the cab and take the train,decision
can you find a good deal deal on the report,question
that link the plumber forwarded looks like a scam only,risk
the food was really good you know,ordinary
by the way the new timings for the metro station are 8 pm to noon,info
which bus goes to the office you know,question
listen the medicine expired last month don't take it,risk
is the service center open on this weekend or not,question
actually that actor is so good in the traffic,ordinary
let's let's book the restaurant before the prices go up,decision
the deadline for the documents moved to day after tomorrow,info
listen listen nothing much just chilling,ordinary
hey fine let's not invite dad then,decision
news says the service center metro line opens tomorrow,info
actually let's cancel the cab and take the train,decision
hey lol,ordinary
our neighbour got selected for the job na,info
can somebody check the status of the rent,question
i'll transfer a lot to the delivery guy by wednesday,task
actually the the extension board is overheating unplug it,risk
um careful the wire is sparking right,risk
does anyone know where i kept the invoice actually,question
okay so how long does it take to reach the pharmacy,question
by the way i doubt that's going to to go smoothly,decision
listen our booking at the office is confirmed for this evening right,info
the electrician hasn't picked up the phone since 530 right,risk
you know let's book book the clinic before the prices go up,decision
haha that's that's funny,ordinary
actually pending item is to return the library books don't let me forget,task
let's move the wedding to this weekend,decision
you you know no way really,ordinary
the train is running late wednesday,info
so which bus goes to the service center,question
by the way i'll transfer a lot to aunt seema by sunday,task
moving the parcel to thursday everyone okay with that done then,decision
we decided to cancel the call,decision
um i love this place you know,ordinary
our neighbour said the power will be cut,info
did you see how crowded the office was right,ordinary
so is it possible to change the date of the appointment,question
um instead of buying let's just rent the tickets,decision
listen the food was really good,ordinary
i'll transfer 1200 to the landlord by monday,task
listen that was a great match yaar,ordinary
the strike is over buses buses are back from tuesday,info
okay so good morning everyone yaar,ordinary
hey final call we're skipping the checkup this time,decision
the internet banking otp came without me doing anything actually,risk
is the offer on the laptop still valid actually,question
okay so still have to confirm the booking with the grocery store store you know,task
the laptop finally got delivered to the school,info
we decided decided to cancel the appointment,decision
okay so does anyone know where i kept the assignment,question
so remind me to send the email monday,task
we should hang out sometime yaar,ordinary
remind me me to call the plumber tonight,task
hey the the gym was empty today,ordinary
um my back hurts from sitting all day yaar,ordinary
update the electrician cleared the interview only,info
by the way first thing friday morning i'll submit the form,task
so i smell something burning from the kitchen na,risk
by the way need to book a cab for early morning,task
listen did you notice the tap is leaking badly only,risk
task for this weekend is to collect the laundry,task
need to book a cab for 530,task
the ladder is shaky don't climb it alone na,risk
hey just scrolling reels,ordinary
nothing interesting interesting on tv these days,ordinary
the electrician is coming down monday for the checkup,info
is the offer on the form still valid na,question
news says the market metro line opens thursday right,info
actually the food was really good yaar,ordinary
listen we still have to renew the insurance,task
the documents finally got delivered to the office,info
fine let's not invite rahul then yaar,decision
uh let me finish the charger tonight and send it over,task
did did you watch the news yesterday,ordinary
the new timings for the clinic are early morning to 7 in the evening,info
let's split the cost cost of the rent,decision
arre i'm worried ankit sounded really unwell on the call,risk
they announced a holiday on next week,info
i have to drop the parcel at the service center next week,task
can you find a good deal on the assignment,question
first thing friday morning i'll call the plumber,task
actually the medicine medicine expired last month don't take it,risk
okay so did you watch the music yesterday you know,ordinary
can you renew the insurance when you get time,task
so the deadline for the laptop moved to saturday,info
anyway how was your day right,ordinary
so lol,ordinary
listen i think the tap is leaking badly you know,risk
we'll do the call first and renew the insurance after,decision
i miss home food only,ordinary
you know can you find a good deal on the medicine,question
by the way i said i'd help aunt seema with the medicine next week,task
arre we'll take the morning train instead of the flight,decision
does anyone know where i kept the medicine na,question
arre actually let's meet at early morning not 9 am you know,decision
arre the ceiling fan is wobbling badly get it checked,risk
uh results came and she passed with distinction,info
by the way insurance claim got approved for more than expected,info
actually let's meet at 7 in the evening not lunchtime,decision
uh hey the wire is sparking someone should check,risk
uh should we take a cab or the metro to the bank,question
the new timings for the metro station are 1030 to 4 pm you know,info
actually you take care of the keys and i'll handle the rest,task
by the way anyway how was your day,ordinary
what a boring day,ordinary
um don't eat that it's been out since thursday yaar,risk
street dogs near the service center looked aggressive today na,risk
note it down we we must book the tickets by wednesday,task
how long does it take to reach the service center,question
did you watch the news yesterday,ordinary
let's cut the budget for the presentation by half of it,decision
watch out the tap is leaking badly you know,risk
i will share the details with aunt seema after the meeting,task
so so good morning everyone,ordinary
sarah said the door is unlocked please look at it,risk
you know let's split the cost of the parcel,decision
let me finish the rent tonight and send it over,task
actually that meme was hilarious,ordinary
um news says the restaurant metro line opens monday,info
okay so make sure the charger reaches my brother by 1030,task
the delivery guy said the balcony railing is loose please look at it,risk
actually did you notice the iron was left plugged in actually,risk
task for sunday is to recharge the phone,task
careful the floor is wet,risk
let's go ahead with the teacher's suggestion,decision
the landlord said the the results are out,info
rahul said the meeting got cancelled,info
so tired today man yaar,ordinary
let's book the office before the prices go up yaar,decision
our booking at the restaurant is confirmed for sunday,info
so so tired today man only,ordinary
sarah got selected for the job,info
let's go ahead with dr mehta's suggestion,decision
moving the charger to friday everyone okay with that done then,decision
so this song is stuck in my head,ordinary
arre wah wah nice,ordinary
let's cut the budget for the parcel by 1200,decision
i need to water the plants before 8 pm,task
can you look up the number for the airport yaar,question
okay so is the restaurant open on next week or not right,question
how many people are coming to the class na,question
by the way nothing much just chilling,ordinary
arre i have my doubts about this,decision
you know nothing much just chilling na,ordinary
you know what what did the doctor say about the reports,question
make sure the photos reaches the landlord by 530,task
um got the confirmation the rent ships wednesday,info
uh have to submit the tickets before the the meeting,task
uh how do we get to the school from here,question
hey we're postponing the meeting to sunday,decision
listen final call we're skipping the wedding this time,decision
uh my brother confirmed the flight is at 4 pm,info
uh is the office open on on thursday or not only,question
actually aunt seema said the power will be cut,info
you know priya reached safely an hour ago,info
we decided to cancel the class you know,decision
hey let's split the cost of the tickets,decision
um task for friday is to submit the form actually,task
someone ought to take care of that you know,task
uh can someone find out if the restaurant is open this evening na,question
don't forget to collect the laundry,task
can you pick up the medicine when you get time,task
by the way let's go ahead with dad's suggestion,decision
arre hey the milk has gone bad someone should check na,risk
okay then sunday 8 pm is locked for for the call,decision
okay so could you find out the fees for the class,question
uh the teacher said the road is blocked,info
i'll get it done and update you by 9 am yaar,task
you know i've decided to quit quit and look for something better,decision
you know the exam got postponed tonight,info
um can someone find out if the service center is open tonight,question
arre task for next week is to call the plumber,task
the airport is running a big sale till day after tomorrow,info
so can you check when the flight starts,question
they announced a holiday on thursday,info
that actor is so good in the match,ordinary
someone has to send the email before the checkup you know,task
actually final call we're skipping the interview this time,decision
don't don't forget to collect the laundry actually,task
arre yeah,ordinary
the coffee here is decent na,ordinary
um which bus goes to the market,question
careful the tap is is leaking badly,risk
i'll call dr mehta saturday about the keys,task
arre aunt seema's fever isn't coming down since sunday,risk
yeah i know right na,ordinary
arre no way really na,ordinary
listen actually let's meet at lunchtime not 530 only,decision
uh we're switching to the new plan from sunday,decision
so could you find out the fees for the trip,question
let's cut the budget for the parcel by a lot,decision
actually let me finish the form tonight and send it over,task
the restaurant is running a big sale till thursday,info
actually mom texted that the interview is happening at the office,info
the plumber confirmed the flight is at 4 pm,info
okay so need to book a cab for 9 am,task
final call we're skipping the checkup this time,decision
listen did you watch the music yesterday,ordinary
i'll get it done and update you by 1030,task
we agreed to keep keep the flight at the grocery store itself,decision
so yeah i know right,ordinary
hey how long does it take to reach the metro station,question
fine let's not invite mom then,decision
listen where do we submit the report,question
so i have to drop the invoice at the service center tuesday yaar,task
we're switching to the new plan from thursday,decision
should we take a cab or the metro to the service center,question
um i smell something burning from the kitchen,risk
actually whom do we call if the restaurant is shut,question
um i'll get it done and update you by lunchtime na,task
you know don't eat that it's been out since next week,risk
so don't forget to submit the form,task
you know we're not renewing the subscription anymore,decision
i'll follow up with mom about the flight,task
okay so i'll call the teacher this evening about the photos,task
can somebody check the status of the invoice,question
i have to drop the parcel at the restaurant this weekend you know,task
let's do the appointment at 8 pm instead,decision
fine let's not invite my boss then you know,decision
hey i'm worried mom sounded really unwell on the call,risk
is the bank open on friday or not,question
let's cut the budget for the parcel by half of it,decision
listen the landlord is coming down tonight for the meeting,info
we're postponing the appointment to this weekend,decision
have have to submit the invoice before the party,task
listen the office is shifting to the new building monday,info
actually the dog did the funniest thing today right,ordinary
we agreed to keep the wedding at at the market itself,decision
did you notice the balcony railing is loose,risk
this song is stuck in my head yaar,ordinary
you know oh nice,ordinary
i said i'd help the landlord with the invoice this weekend,task
i need to send the email before early morning,task
uh i'm supposed to send the photos to my boss today na,task
i'm worried the plumber sounded really unwell on the call,risk
the the traffic was crazy as usual,ordinary
arre the food was really good,ordinary
so the electrician hasn't picked up the phone since 8 pm you know,risk
arre final call we're skipping the checkup this time,decision
actually that was a a great match na,ordinary
what was the address dr mehta sent right,question
hey hey the medicine expired last month don't take it na,risk
arre let's do the meeting at 7 in the evening instead,decision
you know okay then wednesday 9 am is locked for the class,decision
by the way let's split the cost of the photos actually,decision
the the medicine expired last month don't take it,risk
not convinced this plan works actually,decision
hey the coffee here is decent,ordinary
news says the clinic metro line opens monday,info
you know i'm not sure that's going to work,decision
hey the strike is over buses are back from wednesday,info
so tired today man you know,ordinary
um aunt seema's fever isn't coming down down since tuesday yaar,risk
hey i don't think this is a good idea right,decision
what's up yaar,ordinary
the inverter battery is swelling up don't touch it right,risk
the prices went up again friday,info
the food was really good actually,ordinary
the coffee here is is decent,ordinary
we should probably fix this sometime na,ordinary
it's settled rahul pays for the rent this time,decision
um cool cool you know,ordinary
hey i'm fine thanks,ordinary
by the way there's water leaking near the switchboard you know,risk
i'll pick up the form from the restaurant on my way back actually,task
can you find a good deal on the laptop,question
okay so fine let's not invite the electrician then,decision
the trip venue changed to the airport na,info
news says the market metro line opens sunday,info
i'll send the report by this weekend,task
can someone find out if the clinic is open sunday,question
kids these days i tell you only,ordinary
can somebody check the status status of the documents,question
let's split the cost of the photos,decision
how long does it take to reach the the restaurant,question
did you watch cricket yesterday you know,ordinary
you know i guess we'll figure something out,task
priya is coming down wednesday for the flight,info
where do we submit the presentation,question
pending item is to submit the form don't let me forget you know,task
by the way actually let's meet at 7 in the evening not noon actually,decision
street dogs near the clinic looked aggressive today,risk
the electrician hasn't picked up the phone since 4 pm yaar,risk
by the way you take care of the parcel and i'll handle the rest,task
somebody left the gate open all all night,risk
you know we're postponing the review to friday,decision
um what time does the pharmacy open on day after tomorrow yaar,question
someone has to return the library books before the review,task
you know is it possible to change the date of the flight,question
hahaha good one only,ordinary
um priya is getting discharged next week morning,info
the teacher said the meeting got cancelled,info
the teacher texted that the class is happening at the market,info
actually rahul's fever isn't coming down since thursday,risk
the delivery guy's fever isn't coming down since thursday,risk
listen we'll attend to it later i guess,task
make sure the parcel reaches ankit by 8 pm,task
who should i contact about the medicine medicine na,question
so somebody should look into that soon yaar,task
let's do the appointment at 4 pm instead,decision
so did you notice the milk has gone bad,risk
the strike is over buses are back from next week na,info
hey i'll get it done and update you by 9 am right,task
we'll do the flight first and send the email after,decision
hmm yeah makes sense only,ordinary
what was the address our neighbour sent,question
i'll pick up the invoice from the metro station on my way back,task
uh final call we're skipping the trip this time,decision
by the way okay then this evening 1030 is locked for the wedding,decision
the teacher texted that the wedding is happening at the school,info
by the way is the offer on the documents still valid,question
hmm let me think yaar,ordinary
we're postponing the trip to this weekend,decision
hey hahaha good one you know,ordinary
the food was really good right,ordinary
listen this song is stuck in my head only,ordinary
the deadline for the invoice moved to monday,info
we're postponing the review to saturday,decision
okay so we'll do the review first and collect the laundry after,decision
okay so i'll call my brother monday about the medicine,task
news says the grocery store metro line opens this evening,info
pending item is to fix the tap don't let me forget,task
there's a crack on the wall near the pharmacy getting bigger yaar,risk
hey the door is unlocked someone should check,risk
okay so we really need to address this at some point,task
so i love this place actually,ordinary
by the way the gym was empty today,ordinary
the prices went up again saturday yaar,info
hey okay then day after tomorrow 7 in the evening is locked for the call,decision
what time does the school open on thursday,question
i'll follow up with my brother about the wedding,task
let me finish the rent tonight and send it over you know,task
the new timings for the gym are 7 in the evening to noon,info
i'm worried sarah sounded really unwell on the call,risk
the road is blocked monday,info
listen she sings really well na,ordinary
uh who should i contact about the tickets,question
i will share the details with the teacher after the wedding,task
it's settled the delivery guy pays for the tickets this time,decision
uh the ladder is shaky don't climb it alone,risk
arre don't eat that it's been out since day after tomorrow right,risk
i need to pick up the medicine before 9 am,task
could you find out the fees for the party you know,question
don't forget to submit the form,task
um the gym was empty today na,ordinary
did you notice the the balcony railing is loose,risk
final call we're skipping the wedding this time you know,decision
arre hmm let me think,ordinary
you take care of the invoice and i'll handle handle the rest,task
the ladder is shaky don't don't climb it alone yaar,risk
okay so make sure the presentation reaches rahul by 9 am,task
by the way let me set a reminder to book the tickets,task
we decided to cancel the flight,decision
listen which bus goes to the pharmacy,question
listen he's always late anyway,ordinary
okay so hey the door is unlocked someone should check,risk
hey hey the balcony railing is loose someone should check,risk
actually the inverter battery is swelling up don't touch it,risk
arre i'm worried rahul sounded really unwell on the call,risk
arre can you fix the tap when you get time,task
you know careful the wire is sparking,risk
let's go ahead with the teacher's suggestion yaar,decision
scrap the old plan we start fresh from next week,decision
i have to drop the report at the bank bank wednesday,task
it's settled rahul pays for the tickets this time,decision
you know i think the floor is wet,risk
listen how do we get to the pharmacy from here,question
we agreed to keep the trip at the market market itself yaar,decision
uh is the bank open on friday or not,question
need to book a cab for 1030,task
he's always late anyway yaar,ordinary
okay so the inverter battery is swelling up up don't touch it,risk
is there a way to reschedule the meeting right,question
you know hmm yeah makes sense,ordinary
arre we're switching to the new plan from day after tomorrow,decision
sarah's fever fever isn't coming down since wednesday,risk
by the way the ceiling fan is wobbling badly get it checked na,risk
actually i'll transfer 500 rupees to ankit by tuesday,task
hey we decided to cancel the class,decision
i'll follow up with sarah about the party,task
actually we decided to cancel the class,decision
so arre wah nice,ordinary
task for day after tomorrow is to send the email,task
arre the new phone looks nice though,ordinary
the the dog did the funniest thing today,ordinary
listen let's book the bank before before the prices go up,decision
okay so did you see how crowded the metro station was only,ordinary
so this tea is is perfect,ordinary
actually i need to submit the form before 530,task
do you know what time the metro station closes,question
by the way where do we submit the presentation right,question
um we decided to cancel the wedding,decision
we'll do the party first and send the email after,decision
dr mehta texted that the checkup is happening at the service center,info
that actor is so good in the news right,ordinary
okay so the ladder is shaky don't climb it alone,risk
okay so good morning everyone,ordinary
what time does the clinic open on thursday,question
okay so scrap the old plan we start fresh from this evening,decision
by the way i'll send the parcel by monday,task
have to submit the assignment before the call,task
you know how long does it take to reach the school,question
my brother reached safely an hour ago only,info
let's cut the budget for the invoice by 2000 rupees,decision
instead of buying let's just rent the presentation,decision
the bike's tyre tyre looks completely worn out,risk
got the confirmation the form ships monday actually,info
acha okay yaar,ordinary
so we're switching to the new plan from monday yaar,decision
you know there's water leaking near the switchboard,risk
you know actually let's meet at early morning not early morning,decision
uh the extension board is overheating unplug it right,risk
moving the keys to friday everyone okay with that done then,decision
which bus goes to the service center,question
um have to submit the charger before the appointment,task
so we agreed to keep the checkup at the school itself,decision
careful careful the door is unlocked,risk
we are shifting shifting the checkup from next week to tomorrow,decision
so scrap the old plan we start fresh from next week,decision
the electrician texted that the meeting is happening at the school actually,info
what time does the market open on wednesday,question
first thing this weekend morning i'll recharge the phone right,task
i'll call ankit saturday about the charger,task
priya is coming down friday for the meeting yaar,info
uh can somebody check the status of the keys,question
actually decided we're selling the the old bike yaar,decision
actually we'll do the trip first and renew the insurance after actually,decision
uh i miss home food,ordinary
arre wah nice only,ordinary
um someone has to call the plumber before the call only,task
hey the plumber said the flight got delayed,info
can you find a good deal on the parcel right,question
actually pending item is to water the plants don't let me forget,task
listen okay bye see you,ordinary
you know not sure this is going to pan out,decision
how are you doing na,ordinary
i said i'd help the teacher with the presentation this evening,task
we are shifting the review from tomorrow to next week,decision
i i think the brakes feel loose,risk
mom is getting discharged next week morning,info
actually let's meet at noon not noon,decision
is the office open on saturday or not,question
let's do the meeting at 8 pm instead,decision
we are shifting the trip from tomorrow to thursday,decision
uh fine let's not invite our neighbour then yaar,decision
so tired today man,ordinary
did you see how crowded the airport was yaar,ordinary
our slot at the the gym got moved to noon,info
listen hey the balcony balcony railing is loose someone should check na,risk
hey it's settled rahul pays for the photos this time,decision
um i guess we'll figure something out,task
um can you check when the class starts you know,question
hey can you you check when the wedding starts,question
hey my back hurts from sitting all day,ordinary
actually news says says the gym metro line opens tonight,info
i'll call rahul saturday about the medicine,task
what documents do they need at the school,question
okay so hey the iron was left plugged in someone should check,risk
how long does it take to reach the market,question
have to submit the parcel before the flight,task
okay so fine let's not invite the landlord then actually,decision
um we're not renewing the subscription anymore,decision
um sarah said the floor is wet please look at it,risk
the new timings for the market are early morning to 8 pm,info
um street dogs near the market looked aggressive today,risk
i need to fix the tap before 4 pm,task
um haha that's funny,ordinary
who should i contact about the laptop,question
we agreed to keep the wedding at the grocery store itself actually,decision
the school is closed tomorrow,info
first thing sunday morning i'll fix the tap,task
arre i'll get it done and update you by 4 pm you know,task
hey i've decided to quit and look for something better,decision
actually the teacher said the road is blocked,info
by the way we're postponing the party to this weekend,decision
the electrician's fever isn't coming down since monday,risk
make sure the assignment reaches aunt seema by 7 in the evening,task
by the way moving the report to thursday everyone okay with that done then,decision
our booking at the metro station is confirmed for monday,info
how long does it take to reach the grocery store only,question
listen okay final we're going with the the cheaper option yaar,decision
our booking at the metro station is confirmed for next week,info
how many people are coming to the party,question
the geyser was on the whole night that's risky right,risk
by the way did you you notice the door is unlocked,risk
the invoice finally got delivered to the service center,info
uh we agreed to keep the party at the gym itself,decision
our neighbour reached safely an hour ago you know,info
i will share the details with ankit after the class,task
by the way instead of buying let's just rent the rent,decision
hey how much did we pay for the laptop last time actually,question
can you look up the number for the airport you know,question
they announced a holiday on this evening,info
we agreed to keep the party at the market itself,decision
let's move the call to monday,decision
arre fine let's not invite ankit then,decision
our neighbour's fever isn't coming down since saturday,risk
actually let's meet at noon not early morning right,decision
by the way still have to confirm the booking with the market market yaar,task
um just scrolling reels,ordinary
how long does it take take to reach the school only,question
hey the deadline for the rent moved to thursday,info
uh i miss home food actually,ordinary
that that actor is so good in that show,ordinary
okay so hmm let me think,ordinary
should we take a cab or the metro to the pharmacy,question
i'll call ankit tuesday about the keys,task
he's always late anyway na,ordinary
the medicine expired last month don't take it yaar,risk
where do we submit the documents na,question
actually dad's fever isn't coming down since tuesday,risk
did you notice the tap is is leaking badly yaar,risk
somebody has to deal with this at some point,ordinary
okay so okay final final we're going with the cheaper option,decision
arre we are shifting the class from next week to monday,decision
it's settled the delivery guy pays for the form this time,decision
by the way we'll do the interview first and return the library books after,decision
you know hey the floor is wet someone should check yaar,risk
um the dog did the funniest thing today,ordinary
uh how many people are coming to the meeting,question
you know should we take a cab or the metro to the market,question
my boss is getting discharged day after tomorrow morning,info
it's settled rahul pays for the form this time only,decision
uh uh fine let's not invite my boss then,decision
i'll call my boss next week about the rent you know,task
sarah hasn't picked up the phone since lunchtime,risk
okay so how many people are coming to the appointment,question
got the confirmation the laptop ships thursday,info
actually what was the address ankit sent,question
arre need to book a cab for lunchtime,task
i'll send the medicine by sunday yaar,task
we'll do the flight first first and submit the form after,decision
arre someone ought to take care of that,task
so that was a great match actually,ordinary
pending item is to pay the electricity bill don't let me forget,task
careful the iron was left plugged in,risk
do you know what time time the gym closes,question
actually it's settled the landlord pays for the tickets this time,decision
did you watch the food yesterday,ordinary
arre fine let's not invite rahul then,decision
okay so first thing tonight morning i'll submit the form,task
okay so i'm fine fine thanks,ordinary
uh okay then sunday 9 am is locked for the meeting,decision
arre i'll call mom tomorrow about the invoice,task
the deadline for the form moved to friday actually,info
news says the market metro line opens next week,info
okay so i'll call ankit thursday about the report you know,task
arre the salary got credited early this month yaar,info
cool cool actually,ordinary
listen haha that's that's funny,ordinary
arre priya's fever isn't coming down since thursday,risk
so the food was really good,ordinary
our slot at the restaurant got moved to 7 in the evening actually,info
still have to confirm the booking with the pharmacy,task
listen the the electrician said the balcony railing is loose please look at it,risk
rahul is getting discharged sunday morning,info
um i need to book the tickets before lunchtime,task
is the grocery store open on wednesday or not,question
we'll do the appointment first and return the library books after,decision
actually let's meet at 9 am not early early morning,decision
insurance claim got approved for 1200,info
yeah na,ordinary
so decided we're selling the old bike,decision
arre i'm supposed to send the form to priya today,task
arre i don't know if that's going to hold up,decision
so the strike is over buses are back from monday,info
the bike's tyre looks completely worn out you know,risk
okay so the electrician's fever isn't coming down since monday,risk
okay so what documents do they need at the office,question
listen how much did we pay for the presentation last time,question
nothing much just chilling chilling right,ordinary
i need to fix the tap before 8 pm,task
listen what documents do they need at the grocery grocery store,question
hey can someone find out if the gym is open tomorrow,question
our slot at the grocery store got moved to 4 pm na,info
by the way that was a great match,ordinary
actually okay then this evening 8 pm is locked for the call,decision
ankit got selected for the job,info
can somebody check the status of the documents,question
um don't eat that it's been out since day after tomorrow,risk
listen the strike is over buses are back from this evening actually,info
we decided to cancel the wedding,decision
um there's a crack on the wall near the clinic getting bigger,risk
hmm hmm yeah makes sense,ordinary
let's cancel the cab and take the train you know,decision
someone has to collect the laundry before the party,task
do you know what time the the gym closes,question
we agreed to keep the meeting at the pharmacy itself yaar,decision
um don't eat that it's been out since saturday,risk
aunt seema's fever isn't coming down since saturday,risk
arre oh nice you know,ordinary
make sure the charger reaches mom by 1030,task
don't eat that it's been out since tomorrow,risk
still have to confirm the booking with the gym yaar,task
arre do you know what time the pharmacy closes,question
arre hey the wire is sparking someone should check only,risk
news says the airport metro line opens saturday,info
uh lol only,ordinary
um that actor is so good in the traffic,ordinary
dr mehta's fever isn't coming down since monday,risk
uh somebody has to deal with this at some point,task
it's settled aunt seema pays for the form this time,decision
my brother is getting discharged this weekend morning,info
uh the extension board is overheating unplug it,risk
um hahaha good one na,ordinary
could you you find out the fees for the class actually,question
how much did we pay for the documents last time right,question
arre can you find a good deal on the charger,question
listen she sings really well you know,ordinary
how much did we pay for the laptop last time,question
listen how much did we pay for the tickets last time,question
the wedding venue changed to the office,info
it's settled ankit pays for the charger this time,decision
our booking at the service center is confirmed for thursday na,info
arre i had biryani for lunch actually,ordinary
whom do we call if the bank is shut,question
okay so let's go ahead with ankit's suggestion yaar,decision
this tea is perfect you know,ordinary
rahul hasn't picked up the phone since 9 am,risk
uh got the confirmation the laptop ships saturday,info
we'll take the morning train instead of the flight,decision
listen the internet banking otp came without me doing anything,risk
arre we'll attend to it later i guess,ordinary
we are shifting the review from wednesday to sunday only,decision
the landlord's fever isn't coming down since tuesday right,risk
um it's settled my boss pays for the parcel this time,decision
okay then tomorrow 4 pm is locked for the trip only,decision
the dog did the funniest thing today,ordinary
actually let's go ahead with priya's suggestion,decision
arre someone has to water the plants before the wedding,task
the pressure cooker whistle is stuck be careful right,risk
okay so what's up,ordinary
the strike is over buses are back from this weekend,info
um instead of buying let's just rent the laptop,decision
there's a crack on the wall near the clinic getting bigger,risk
arre is the restaurant open on tuesday or not,question
hey did you see how crowded the restaurant was only,ordinary
hey i'll follow up with our neighbour about the class,task
i love this place right,ordinary
um remind me to pick up the medicine tonight yaar,task
i'll pick up the parcel from the restaurant on my way back,task
um street dogs near the gym looked aggressive today,risk
listen is there a way to reschedule the party,question
insurance claim got approved for more than expected,info
you know the salary got credited early this month na,info
is the pharmacy open on tonight or not,question
you know how do we get to the grocery store from here right,question
actually that link the delivery guy forwarded looks like a scam,risk
you know remind me to submit the form tomorrow,task
mom confirmed confirmed the checkup is at 8 pm yaar,info
long long time no see,ordinary
got the confirmation the medicine ships thursday,info
you know i'll transfer a lot lot to dr mehta by day after tomorrow,task
you know we'll deal with it eventually,ordinary
so we'll deal with it eventually,ordinary
how long does it take to reach the gym,question
arre my boss texted that the appointment is happening at the school,info
actually somebody left the gate open all night,risk
we're postponing postponing the interview to tuesday,decision
have to submit the keys before the party,task
listen could you find out the fees for for the wedding,question
um fine let's not invite my brother then,decision
careful the brakes feel loose right,risk
the salary got credited early this month right,info
our slot at the market got moved to noon yaar,info
can you you check when the trip starts,question
so let's go ahead with ankit's suggestion,decision
the geyser was on the whole night that's risky only,risk
um the new timings for the service center are noon to lunchtime right,info
my back back hurts from sitting all day yaar,ordinary
i'm supposed to send the charger to aunt seema today,task
you know we agreed to keep the meeting at the service center itself,decision
actually actually is the grocery store open on sunday or not,question
um how many people are coming to the appointment,question
actually remind me to call the plumber saturday yaar,task
listen what's up na,ordinary
our neighbour said the door is unlocked please look at it actually,risk
the prices went up again monday,info
arre arre wah nice,ordinary
um that link priya forwarded looks like a scam,risk
by the way hey the brakes feel loose someone should check,risk
you know i'll send the charger by wednesday,task
can you check when the call starts,question
okay then saturday noon is locked for the appointment,decision
hey did you notice the stove is still on actually,risk
uh okay bye bye see you,ordinary
i miss home food na,ordinary
actually the inverter battery is swelling up don't touch it only,risk
so the deadline for the photos moved to this evening,info
so i've decided to quit and look for something better na,decision
insurance claim got approved approved for 2000 rupees,info
that link rahul forwarded looks like a scam right,risk
listen oh nice you know,ordinary
the refund of 2000 rupees got credited today,info
i said i'd help my brother with the photos tuesday,task
lol you know,ordinary
the new timings for the service center center are lunchtime to lunchtime,info
the road is blocked tomorrow,info
arre i'm supposed to send the assignment to aunt aunt seema today,task
arre the deadline for the invoice moved to day after tomorrow yaar,info
by the way the geyser was on the whole night that's risky,risk
actually hmm yeah makes sense,ordinary
i'm supposed to send the form to my boss today,task
the ladder is shaky don't climb it alone only,risk
is there a way to reschedule the interview na,question
i will share the details with rahul after the wedding,task
so the interview venue changed to the airport,info
by the way yeah i know right yaar,ordinary
arre let me set a reminder to recharge the phone,task
arre can you pay the electricity bill when you get time,task
actually the coffee here is decent,ordinary
hey yeah i know right,ordinary
this tea is perfect yaar,ordinary
listen hmm yeah makes sense,ordinary
i smell something burning from the kitchen you know,risk
listen who should i contact about the rent,question
what time does the school open on tuesday,question
okay so hey the balcony balcony railing is loose someone should check,risk
is the gym open on this evening or not,question
can you find a good deal on the laptop you know,question
so that was a great match only,ordinary
actually i have my doubts about this,decision
um let me finish the rent tonight and send it over,task
so did anyone ask aunt seema about the rent,question
we are shifting the trip from tuesday to this weekend actually,decision
actually the landlord confirmed the interview is at lunchtime,info
so i'll follow up with aunt seema about the party,task
the charger finally got delivered to the market,info
uh our booking at the school is confirmed for monday na,info
our slot at the school got moved to lunchtime,info
you know did you watch that show yesterday,ordinary
actually let me finish the form tonight and send it over na,task
we're postponing the checkup to tomorrow,decision
aunt seema's fever isn't coming down since since this evening,risk
actually i love this place,ordinary
uh the ceiling fan is wobbling badly get it checked,risk
we're postponing the appointment to day after tomorrow,decision
i need to pick up the medicine before before 530 yaar,task
you know the wedding venue changed to to the office,info
um the pharmacy is running a big sale till wednesday,info
how do we get to the clinic from here,question
let's do the interview at 9 am instead,decision
the electrician is coming down thursday for the checkup,info
hey hey the milk has gone bad someone should check,risk
i need to send the email before 9 am,task
can someone find out if the airport is open thursday,question
um could you find out the fees for the wedding,question
first thing monday morning i'll collect the laundry,task
okay so kids kids these days i tell you,ordinary
listen our slot at the restaurant got moved to noon,info
does anyone know where i kept the report,question
how much did we pay for the laptop last time you know,question
uh what was the address the delivery guy sent,question
so who should i contact about the tickets,question
there's a crack on the wall near the school getting bigger,risk
priya hasn't picked up the phone since lunchtime,risk
the refund of half of it got credited today only,info
that was was a great match,ordinary
let me set a reminder to water the plants,task
listen could you find out the fees for the call,question
so the gym was empty today,ordinary
by the way how are you doing you know,ordinary
so how long does it take to reach the grocery store,question
by the way don't forget to book the tickets,task
the deadline for the invoice moved to this weekend,info
you know our booking at the metro station is confirmed for saturday right,info
the tickets finally got delivered to the metro station na,info
um the teacher got selected for the job,info
i have to drop the parcel at the bank tuesday na,task
how long does it it take to reach the grocery store,question
they announced a holiday on friday,info
oh nice na,ordinary
is the school open on friday or not,question
listen is there a way to reschedule the class actually,question
so what a boring day,ordinary
the landlord reached safely an hour ago,info
okay so let's move the meeting to next week,decision
by the way yeah,ordinary
what documents do they need at the restaurant you know,question
arre someone needs to sort this out you know,task
uh this tea is perfect only,ordinary
yeah i know right only,ordinary
how much did we pay for the assignment last time,question
i'm fine thanks only,ordinary
have to submit the laptop before the call,task
hey the brakes feel loose someone should check,risk
i'll transfer 2000 rupees to ankit by day after tomorrow,task
we agreed to keep the checkup at the service center itself,decision
actually did you watch the weather yesterday,ordinary
let me finish the invoice tonight and send it over actually,task
okay then friday lunchtime is locked for the party,decision
let's drop the idea of the wedding this month,decision
um let me finish the keys tonight and send it over,task
my brother is getting discharged friday morning,info
hey what documents do they need at the gym,question
the exam got postponed day after tomorrow,info
our booking at the grocery store is confirmed for sunday,info
arre have to submit the medicine before the wedding,task
arre they announced a holiday on wednesday,info
what a boring day only,ordinary
can you look up the number for the market right,question
arre should we take a cab or the metro to the gym,question
hey hey can somebody check the status of the charger,question
hey i'm secondguessing this whole plan,decision
uh does anyone know where i kept the invoice,question
anyway how was your day,ordinary
got the confirmation the keys ships thursday actually,info
fine let's not invite rahul then actually,decision
uh i think the wire is sparking,risk
okay so you take care of the report and i'll handle the rest yaar,task
is the clinic open on tomorrow or not,question
listen kids were playing near the main road again you know,risk
the ladder is shaky don't climb it alone actually,risk
um the coffee here is decent only,ordinary
i had biryani for for lunch na,ordinary
uh the gym was empty today today actually,ordinary
still have to confirm confirm the booking with the pharmacy,task
let's cut the budget for the documents by half of it,decision
uh okay then next week early morning is locked for the class na,decision
okay so i had biryani for lunch yaar,ordinary
you know the pharmacy is running a big sale till next week you know,info
um let's cancel the cab and take the train,decision
so so i miss home food,ordinary
hey should we take a cab or the metro to the office,question
actually need to book a cab for early morning,task
we're switching to the new plan from wednesday right,decision
did you notice the gas smells weird,risk
uh the appointment venue changed to the pharmacy,info
hey what was the address aunt seema sent,question
let's move the interview to tomorrow na,decision
okay so the dog did the funniest thing today right,ordinary
i will share the details with the delivery guy after the review,task
long time no see only,ordinary
by the way our neighbour texted that the class is happening at the office,info
the pressure pressure cooker whistle is stuck be careful,risk
um how are you doing you know,ordinary
so oh nice you know,ordinary
results came and she passed with distinction yaar,info
uh should we take a cab or the metro to the market you know,question
you know we decided to cancel the party,decision
actually there's water leaking near the switchboard,risk
sarah said the exam got postponed,info
can somebody check the status of the charger you know,question
what documents do they need at the service center right,question
do you know what time the gym closes only,question
okay so do you know what time the clinic closes,question
oh nice nice only,ordinary
so what time does the clinic open on next week,question
uh can you check when the party starts,question
arre we're postponing the wedding to saturday,decision
listen kids these days i tell you,ordinary
that actor is so good in that movie right,ordinary
okay so results came and she passed with distinction you know,info
listen let's drop the idea of the call this month,decision
uh the new timings for the grocery store are 4 pm to 4 pm,info
what documents do they need at the restaurant,question
hahaha good one yaar,ordinary
um street dogs near the pharmacy looked aggressive today,risk
hey did you see how crowded the gym was,ordinary
i'm fine thanks yaar,ordinary
ankit said the wire is sparking please look at it,risk
who should i contact about the presentation,question
we'll do the wedding first and return the library books after,decision
we are shifting the review from friday to day after tomorrow,decision
listen he's always late anyway only,ordinary
okay bye see you na,ordinary
i'm fine thanks actually,ordinary
don't eat that it's it's been out since tonight right,risk
hey can you find a good deal on the photos,question
okay so did you see how crowded the service center was,ordinary
our slot at the grocery store got moved to noon,info
can someone find out if the school is open thursday,question
actually results came and she passed with distinction you know,info
haha that's funny,ordinary
i'll call the plumber this evening about the photos,task
hey our neighbour's fever isn't coming down since this evening,risk
you know the ladder is shaky don't climb it alone,risk
so kids were were playing near the main road again,risk
let's book the restaurant before the prices go up up yaar,decision
listen first thing tuesday morning i'll send the email,task
we're postponing the call to tonight na,decision
the new timings for the gym are 9 am to 1030,info
the new timings for the office are noon to 8 pm,info
okay then this weekend 7 in the evening is locked for the wedding,decision
we still have to fix the tap,task
how are you doing right,ordinary
actually got the confirmation the presentation ships tonight,info
by the way can you find a good deal on the documents,question
make sure the laptop reaches priya by 8 pm you know,task
by the way that link the delivery guy forwarded looks like a scam,risk
we still have to submit the form na,task
we agreed to keep the checkup at the metro station itself,decision
actually oh nice only,ordinary
by the way we are shifting the wedding from monday to day after tomorrow,decision
so let's go ahead with aunt seema's suggestion right,decision
the checkup venue changed to the pharmacy,info
actually yeah yeah i know right,ordinary
our booking at the office is confirmed for this weekend you know,info
let's move the checkup to friday,decision
so careful the milk has gone bad,risk
need to book a cab cab for lunchtime,task
so did you watch the music yesterday,ordinary
arre cool cool,ordinary
first thing saturday morning i'll pick up the medicine,task
low balance alert came twice something's wrong wrong with the account,risk
you know what documents do they need at the airport,question
arre good morning everyone only,ordinary
you know okay bye see you,ordinary
nothing interesting on tv these days only,ordinary
um task for tonight is to return the library books,task
the delivery guy reached safely an hour ago,info
um note it down we must submit the form by thursday na,task
um the market is running a big sale till friday actually,info
uh don't eat that it's been out out since this weekend,risk
by the way is there a way to reschedule the appointment only,question
actually the geyser was on the whole night that's risky,risk
i'm supposed to send the laptop to sarah today,task
it's settled dad pays for the parcel this time,decision
uh i need to submit the form before early morning,task
just heard that the power will be cut actually,info
our booking at the market is confirmed for next week,info
so whom do we call if the market is shut,question
you know hey the stove is still on someone should check na,risk
they announced a holiday on this evening na,info
what documents do they need at the office,question
that actor is so good in the traffic,ordinary
can somebody check the status of the presentation na,question
uh watch out the wire is sparking,risk
okay so let's do the review at 530 instead,decision
my boss reached safely an hour ago,info
okay so the extension board is overheating unplug it you know,risk
hmm let me think na,ordinary
so that was a great match,ordinary
dr mehta shifted to the new place last week you know,info
uh i'll transfer the full amount to my boss by saturday right,task
actually who who should i contact about the charger,question
actually let's meet at 530 not noon,decision
what time does the gym open on saturday,question
news says the office metro line opens friday,info
the prices went went up again friday,info
the teacher said the door is unlocked please look at it,risk
actually what a a boring day,ordinary
you know fine let's not invite dad then,decision
got the confirmation the tickets ships next week right,info
uh what did the doctor say about the reports,question
first thing tonight morning i'll send the email,task
arre just heard that the train is running late right,info
where do we submit the assignment,question
so no way really,ordinary
the refund of of the full amount got credited today,info
by the way okay bye see you,ordinary
need to book a cab for 4 pm,task
so i'll call the teacher wednesday about the medicine,task
make sure the photos reaches the teacher by 530,task
let's do the interview at 8 pm instead,decision
let's do the flight at 7 in the evening instead only,decision
i'll call priya sunday about the medicine,task
part of me thinks this won't work right,decision
hey my back hurts from sitting all day only,ordinary
my brother said the tap is leaking badly please look at it,risk
moving the assignment to friday everyone okay with that done then,decision
moving the invoice to monday everyone okay with that done then,decision
hey what was the the address the teacher sent,question
hey i think the iron was left plugged in,risk
the documents finally got got delivered to the office,info
make sure the form reaches the delivery guy by 1030 right,task
actually the landlord got selected for the job,info
sarah said the gas smells weird please look at it,risk
that link dr mehta forwarded looks like a scam,risk
uh it's settled the landlord pays for the presentation this time,decision
um i'll follow up with the teacher about the call,task
did you notice the door is unlocked,risk
so okay then wednesday 7 in the evening is locked for the interview yaar,decision
okay so i have to drop the parcel at the restaurant this weekend right,task
insurance claim got approved for half of it it only,info
the strike is over buses are back from friday,info
is it possible to change the the date of the meeting,question
arre kids were playing near the main road again you know,risk
is it possible to change the date of the review,question
so nothing much just chilling,ordinary
the gym was empty today na,ordinary
hey the photos finally got delivered to the market,info
um i'll follow up with my brother about the class,task
listen who should i contact about the photos,question
arre we really need to address this at some point,task
um results came and she she passed with distinction,info
hey update my boss cleared the interview actually,info
street dogs near the restaurant looked aggressive today,risk
you know let's cut the budget for the rent by half of it,decision
actually what a boring day actually,ordinary
okay so nothing interesting on tv these days,ordinary
yeah i i know right,ordinary
we agreed to keep the meeting at the service center itself,decision
actually we're switching to the new plan from friday,decision
okay so what time does the market open on thursday,question
listen street dogs near the bank looked aggressive today,risk
hey what was the address mom sent,question
i'll follow up with dr mehta about the flight,task
by the way did anyone ask our neighbour about the assignment only,question
they announced a holiday on on day after tomorrow,info
okay so the strike is over buses are back from day after tomorrow,info
by the way the deadline for the medicine moved to sunday,info
arre okay final we're going with the cheaper option actually,decision
can someone find out if the office is open wednesday,question
i'm secondguessing this whole whole plan,decision
you know yeah yaar,ordinary
arre just heard that the exam got postponed,info
i need to pay the electricity bill before 9 am na,task
did anyone ask ankit about the photos,question
is the offer on the tickets still valid,question
someone has to recharge the phone before the trip,task
let's cut the budget for the form by the full amount,decision
um that actor is so good in the news right,ordinary
listen who should i contact about the presentation na,question
i'll pick up the rent from the market on my way back,task
we'll sort it out one of these days,task
uh what was the address aunt seema sent,question
just scrolling reels right,ordinary
hey the medicine expired last month don't take it right,risk
let's do the appointment at 1030 instead na,decision
the landlord said the flight got delayed,info
somebody should look into that soon,ordinary
um the food was really really good,ordinary
let's move the review to monday,decision
um let's book the bank before the prices go up,decision
rahul texted that the trip is happening at the school,info
you know fine let's not invite dr mehta then,decision
did you see how crowded the metro station was only,ordinary
we're not renewing the subscription anymore,decision
actually that link the plumber forwarded looks like a scam na,risk
so you take care of the form and i'll handle the rest,task
hey careful the floor is wet right,risk
uh i'm i'm fine thanks,ordinary
the interview venue changed to the service center,info
okay so scrap the old plan we start fresh from tonight,decision
listen the deadline for the form moved to tomorrow,info
arre good morning morning everyone,ordinary
um let me finish the medicine tonight and send it over,task
i have to drop the rent at the office tonight,task
so sarah shifted to the new place last week,info
i doubt that's going to go smoothly,decision
arre how long does it take to reach the metro station,question
what was the address aunt seema sent yaar,question
we agreed to keep the call at the airport itself right,decision
let's go ahead with my boss's suggestion,decision
listen someone has to collect the laundry before the appointment,task
so make sure the report reaches mom by early morning,task
the landlord increased the rent by 2000 rupees,info
that meme meme was hilarious,ordinary
someone needs needs to sort this out na,task
by the way does anyone know where i kept the rent actually,question
pending item is to recharge the phone don't let me forget,task
um the refund of the full amount got credited today,info
first thing wednesday morning i'll renew the insurance,task
uh the bank is running a big sale till thursday yaar,info
uh sarah said the meeting got cancelled,info
ankit reached safely an hour ago,info
okay so the food was really good yaar,ordinary
can someone find out if the clinic is open tomorrow only,question
by the way lol,ordinary
the grocery store is running a big sale till monday,info
hey whom do we call if the clinic is shut,question
hey news says the gym metro line opens thursday,info
so is the airport open on tuesday or not,question
what did the doctor say about the reports actually,question
uh let's go ahead with our neighbour's suggestion,decision
hey remind me to return the library books this evening na,task
you know don't eat that it's been out since wednesday,risk
that link dad forwarded looks like a scam right,risk
you know let's drop the idea of the interview this month,decision
uh kids these days i tell you right,ordinary
by the way how much did we pay for the tickets last time,question
hey i smell something burning from the kitchen,risk
i had biryani for lunch yaar,ordinary
actually how do we get to the grocery store from here,question
do you know what time the pharmacy closes,question
you know pending item is to renew the insurance don't let me forget,task
okay so okay then friday lunchtime is locked for the interview,decision
yeah actually,ordinary
hey did you see how crowded the office was,ordinary
the landlord hasn't picked up the phone since 8 pm only,risk
by the way we are shifting the wedding from saturday to tuesday,decision
what time does the restaurant open on monday,question
um i'm fine thanks actually,ordinary
you know moving the parcel to monday everyone okay with that done then,decision
actually the new phone looks nice nice though actually,ordinary
the presentation finally got delivered to the service center,info
listen i'm worried the teacher sounded really unwell on the call only,risk
i said i'd help the plumber with with the keys tuesday,task
arre arre i'll call mom this evening about the documents,task
listen our slot at the service center got moved to 8 pm,info
um lol,ordinary
by the way haha that's funny,ordinary
you know did anyone ask the delivery guy about the photos only,question
i'm supposed to send the laptop to the plumber today,task
could you you find out the fees for the interview,question
actually i i need to collect the laundry before lunchtime right,task
arre let me set a reminder to submit submit the form,task
okay so can you check when the wedding starts,question
actually scrap the old plan we start fresh from tuesday,decision
ankit said the stove is still on please look at it right,risk
uh task for this weekend is to pick up the medicine,task
let's go ahead with dad's suggestion,decision
i think the balcony railing is loose,risk
arre the strike is over buses are back from saturday,info
by the way low balance alert came twice something's wrong with the account right,risk
so okay final we're going with the cheaper option only,decision
so what a boring day you know,ordinary
let me set a reminder to pick up the medicine,task
that was a great match right,ordinary
hey instead of buying let's just rent the report,decision
task for this weekend is to fix the tap,task
by the way careful the gas smells weird actually,risk
actually results came and she passed with distinction,info
i'll follow up with mom about the interview,task
which bus goes to the grocery store,question
arre the flight venue changed to the bank,info
oh nice actually,ordinary
the traffic was crazy as usual actually,ordinary
um we decided to cancel the trip you know,decision
fine let's not invite the delivery guy then,decision
is the school open on saturday or not right,question
monsoon started early this year actually,ordinary
arre i smell something burning from the kitchen,risk
the medicine expired last month don't take it right,risk
hey the floor is wet someone should check,risk
i'm supposed to send the parcel to mom mom today,task
the extension board is overheating overheating unplug it yaar,risk
uh what documents do they need at the clinic,question
the traffic was crazy as usual only,ordinary
actually got the confirmation the invoice ships sunday,info
hey we're we're switching to the new plan from tonight,decision
the refund of 500 rupees got credited today,info
can you find a good deal on the medicine yaar,question
what time does the grocery store open on this weekend,question
so my boss's fever isn't coming down down since thursday yaar,risk
okay so we're switching to the new plan from this weekend yaar,decision
update ankit cleared the interview na,info
uh the landlord increased the rent by 500 rupees,info
you know let me set a reminder to return the the library books actually,task
we're switching to the new plan from sunday yaar,decision
let me set a reminder to water the plants you know,task
our neighbour's fever isn't coming down since wednesday,risk
arre where do we submit the presentation,question
do you know what time the service center closes you know,question
update dr mehta cleared the interview,info
have to submit the invoice before the checkup,task
update ankit cleared cleared the interview,info
instead of buying let's just rent the laptop,decision
fine let's not invite sarah then,decision
somebody has to deal with this at some point na,ordinary
he's always always late anyway,ordinary
actually note it down we must return the library books by monday,task
the inverter battery is swelling up don't touch it only,risk
should we take a cab or the metro to the school,question
so make sure the tickets reaches the teacher by 1030,task
uh the inverter battery is is swelling up don't touch it,risk
by the way somebody left the gate open all night right,risk
um actually let's meet at 9 am not 4 pm,decision
let me finish the parcel tonight and send it over,task
so let's cut the budget for the presentation by half of it,decision
hey let's go ahead with mom's suggestion,decision
by the way how do we get to the clinic from here,question
we agreed to keep the class at the airport itself na,decision
hey rahul's fever isn't coming down since friday,risk
so ankit said the stove is still on please please look at it,risk
hey is it possible to change the date of the class,question
we should hang out sometime right,ordinary
so did you notice the stove is still on,risk
hey could you find out the fees for the wedding,question
you know the food was really good only,ordinary
hey there's water leaking near the switchboard yaar,risk
uh final final call we're skipping the interview this time right,decision
i'll transfer a lot to the electrician by saturday,task
okay so watch out the milk has gone bad,risk
our neighbour hasn't picked up the phone since noon,risk
by the way the plumber reached safely an hour ago,info
you know the extension board is overheating unplug it,risk
you know sarah's fever isn't coming down since tuesday,risk
hey what documents do they need at the grocery store,question
actually i'll pick up the invoice from the pharmacy on my way back,task
my boss texted that the trip is happening at the pharmacy,info
the road is blocked thursday,info
i'm not totally sure this is the right call,decision
i'll follow up with mom about the checkup,task
someone needs to sort this out,ordinary
okay then this evening 4 pm is locked for the call,decision
first thing day after tomorrow morning i'll water the plants,task
actually how long does it take to reach the clinic,question
hey the deadline for the report moved to wednesday,info
instead of buying let's just rent the parcel,decision
listen moving the tickets to this weekend everyone okay with that done then only,decision
okay so where do we submit the medicine,question
let's book the service center before the prices go up,decision
news says the clinic metro line opens next week only,info
by the way that actor is so good in the music,ordinary
actually my back hurts from sitting all day,ordinary
uh my brother's fever isn't isn't coming down since tuesday,risk
okay bye see you right,ordinary
let's move the flight to day after tomorrow,decision
uh careful the wire is sparking,risk
arre did you watch the traffic yesterday,ordinary
can you check when the flight starts right,question
listen we're switching to the new plan from this evening,decision
is the gym open on wednesday or not,question
the keys finally got delivered to the airport,info
arre wah wah nice you know,ordinary
uh how do we get to the airport from here,question
so the teacher said the tap is leaking badly please look at it,risk
you know nothing interesting on tv these days you know,ordinary
insurance claim got approved for a lot,info
okay then monday noon is locked for the interview,decision
uh haha that's funny only,ordinary
uh the extension board is overheating overheating unplug it,risk
okay so how are you doing actually,ordinary
listen i'm worried rahul sounded really unwell on the call,risk
ankit hasn't picked up the phone since early morning,risk
okay so make sure the form reaches our neighbour by 4 pm,task
moving the medicine to saturday everyone okay with that done then,decision
you know is there a way to reschedule the review,question
uh need to book a cab for 9 am,task
nothing much just chilling yaar,ordinary
don't forget to pay the electricity bill,task
can you look up the number for the airport only,question
hey is the service center open on friday or not na,question
rahul's fever isn't coming down since this weekend,risk
our booking at the office is confirmed for this evening,info
what time does the bank open on thursday,question
got the confirmation the presentation ships friday,info
the class venue changed to the market,info
watch out the wire is sparking yaar,risk
actually okay then sunday 9 am is locked for the interview,decision
um i think the wire is sparking,risk
listen how long does it take to reach the metro station,question
um careful careful the stove is still on,risk
actually the ceiling fan is wobbling badly get it checked you know,risk
dr mehta said the wire is sparking please look at it,risk
um our booking at the gym is confirmed for thursday,info
actually let's meet at 4 pm not 8 pm,decision
by the way let's split the cost of the medicine,decision
dr mehta said the power will be cut,info
what time does the gym open on friday,question
you know the bike's tyre looks completely worn out na,risk
sarah texted that the flight is happening at the service center,info
arre need to book a cab for 7 in the evening,task
got the confirmation the assignment ships friday,info
uh what time does the service center open on day after tomorrow,question
listen did anyone ask sarah about the charger only,question
uh update my boss boss cleared the interview,info
we decided to cancel the checkup yaar,decision
let me finish the keys tonight and send it over,task
the office is running a big sale till next week,info
uh somebody has to deal with this at some point,ordinary
okay so need to book a cab for 4 pm,task
actually acha okay,ordinary
let's go ahead with ankit's suggestion right,decision
um my brother said the brakes feel loose please look at it,risk
okay bye see you,ordinary
my brother is getting discharged thursday morning,info
uh moving the parcel to tuesday everyone okay with that done then,decision
by the way don't eat that it's been out since tuesday,risk
listen nothing much just chilling,ordinary
can someone find out if the office is open day after tomorrow,question
let's move the the trip to this evening,decision
we are shifting the review from tuesday to tonight,decision
just scrolling reels yaar,ordinary
dad hasn't picked up the phone since early morning,risk
uh i'll call my my brother saturday about the rent actually,task
moving the presentation to friday everyone okay with that done then,decision
did you notice the iron was left plugged in only,risk
dr mehta shifted to the new place last week,info
arre the landlord increased the rent by 1200 actually,info
arre careful the gas smells weird,risk
let's cut the budget for the photos by 2000 rupees,decision
listen just heard that the power will be cut,info
the market is running a big sale till monday,info
you know cool cool right,ordinary
uh acha okay,ordinary
uh that link the electrician forwarded looks like a scam,risk
i said i'd help aunt seema with the keys wednesday,task
okay final we're going with the cheaper option yaar,decision
the deadline for the report moved to sunday actually,info
listen what's up,ordinary
let's drop the idea of the party this month,decision
arre wah nice na,ordinary
no way really,ordinary
i'll transfer 2000 rupees to the landlord by by saturday,task
um can you collect the laundry when you get time yaar,task
they announced a holiday on monday,info
our booking at the market is confirmed for tuesday,info
you know i had biryani for lunch,ordinary
actually let's go ahead with the landlord's suggestion na,decision
arre i've decided to quit and look for something better,decision
listen cool cool,ordinary
uh the coffee here is decent,ordinary
listen can you find a good deal on the presentation,question
my brother shifted to the new place last week,info
okay so we are shifting the party from tonight to this evening na,decision
we are shifting the flight from next week to tuesday,decision
you know somebody left the gate open all all night only,risk
we're postponing the call to monday,decision
we're switching to the new plan from next week na,decision
uh we really need to address this at some point,task
arre let's move the review to tomorrow,decision
hey the traffic was crazy as usual,ordinary
let's split the cost of the photos right,decision
actually just heard that the exam got postponed actually,info
monsoon monsoon started early this year,ordinary
the keys finally got delivered to the market,info
okay so that actor is so good in the traffic,ordinary
um i think the tap is leaking badly,risk
listen i had biryani for lunch yaar,ordinary
the market is running a big sale till next week,info
arre i will share the details with priya after the party,task
the restaurant is running a big sale till tuesday,info
the electrician's fever isn't coming down since next week,risk
so the ladder is shaky don't climb it alone,risk
by the way our booking at the the restaurant is confirmed for friday,info
listen what time does the restaurant open on tuesday,question
arre let's book the market before the prices go up,decision
our slot at the bank got moved to 7 in the evening na,info
hmm let me me think,ordinary
so dad confirmed the meeting is at noon,info
i need to recharge the phone before 8 pm,task
it's settled the landlord pays for the photos this time,decision
actually priya reached safely an hour ago,info
arre what was the address the delivery guy sent,question
street dogs near the office looked aggressive today,risk
uh make sure the rent reaches sarah by 1030,task
there's a crack on the wall near the pharmacy getting bigger,risk
arre you take care of the parcel and i'll handle the rest,task
moving the laptop to thursday everyone okay with that done then,decision
so our slot at the gym got moved to 8 pm actually,info
hey the iron was left plugged in someone should check na,risk
remind me to fix the tap next week,task
can someone find out if the bank is open friday,question
dr mehta texted that the party is happening at the grocery store only,info
by the way dad hasn't picked up the phone since noon,risk
just scrolling reels reels only,ordinary
so this tea is perfect,ordinary
you know yeah i know right you know,ordinary
got the confirmation the charger ships tonight,info
um actually let's meet at lunchtime not 8 pm,decision
you know they announced a holiday on thursday,info
i'll transfer the full amount to aunt seema by saturday,task
i said i'd help the delivery guy with the presentation this weekend,task
the food food was really good,ordinary
listen long time no see yaar,ordinary
still have to confirm the booking with the office,task
arre no way way really,ordinary
so watch out the tap is leaking badly,risk
we'll deal with it eventually,ordinary
by the way i will share the details with mom after the review,task
how do we get to the office from here na,question
don't eat that it's been out since day after tomorrow,risk
can you look up the number for the gym,question
remind me to return the library books tuesday only,task
so how many people are coming to the appointment,question
can someone find out if the service center is open sunday right,question
don't forget to pick up the medicine medicine only,task
i miss home food actually,ordinary
i smell something burning burning from the kitchen,risk
the class venue changed to the airport,info
whom do we call if the grocery store is shut only,question
actually can someone find out if the grocery store is open this evening right,question
how many people are coming to the review,question
the strike is over buses are back from tomorrow right,info
okay so the internet banking otp came without me doing anything,risk
we should probably fix this sometime,ordinary
listen the gym was empty today,ordinary
the invoice finally got delivered to the bank actually,info
arre make sure the medicine reaches the landlord by noon,task
i'll pick up the documents from the school on my way back,task
actually should we take a cab or the metro to the restaurant,question
does anyone know where i kept the photos yaar,question
actually whom do we call if the school is shut,question
the bike's tyre looks completely worn worn out,risk
how do we get to the airport from here right,question
is it possible to change the date of the appointment na,question
uh the medicine expired last month don't take it,risk
we're postponing the party to wednesday,decision
arre did anyone ask the teacher about the charger,question
the pressure cooker whistle is stuck be careful you know,risk
my boss texted that the flight is happening at the market right,info
did you watch the match yesterday,ordinary
the internet banking otp came without me doing anything,risk
by the way aunt seema said the school is closed,info
that meme was hilarious,ordinary
oh nice,ordinary
okay bye see you yaar,ordinary
task for this evening is to recharge the phone,task
the new timings for the service center are 530 to noon,info
by the way that meme was hilarious only,ordinary
moving the invoice to this weekend everyone okay with that done then,decision
um i'll get it done and update you by 8 pm,task
you take care of the charger and i'll handle the rest yaar,task
you know i love this this place right,ordinary
let me set a reminder to send the email,task
the teacher said the gas smells weird please look at it,risk
can someone find out if the service center is open open tomorrow yaar,question
by the way the office is running a big sale till monday na,info
arre i'll transfer more than expected to the electrician by saturday,task
the strike is over buses are back from day after tomorrow only,info
careful the balcony railing is loose,risk
you know the metro station is running a big sale till monday,info
moving the invoice to friday everyone okay okay with that done then,decision
kids were playing near the the main road again only,risk
arre let's cut the budget for the rent by half of it,decision
so let's go ahead with rahul's suggestion,decision
is it possible to change the date of the the trip,question
she sings really well only,ordinary
the delivery guy texted that the call is happening at the airport actually,info
i guess we'll figure something out,ordinary
you know should we take a cab or the metro metro to the pharmacy,question
arre the strike is over buses are back from monday,info
so can someone find out if the metro station is open this evening,question
i need to return the library books before 8 pm,task
so the extension board is overheating unplug it,risk
actually watch out the iron was left plugged in,risk
let's split the cost of the documents right,decision
the documents finally got delivered to the clinic,info
by the way nothing interesting on tv these days,ordinary
the gym was empty today actually,ordinary
news says the restaurant metro line opens sunday,info
how do we get to the school from here,question
we agreed to keep the call at the restaurant itself,decision
by the way the office is shifting to the new building tonight,info
update sarah cleared the interview,info
is the offer on the rent still valid,question
have to submit the assignment before before the appointment,task
we should probably fix this sometime na,task
actually our booking at the restaurant is confirmed for day after tomorrow,info
i'm worried ankit sounded really unwell on the call,risk
let's go go ahead with rahul's suggestion,decision
let's cut the budget for the assignment by 500 rupees,decision
hey the brakes feel loose loose someone should check,risk
my boss reached safely an hour ago na,info
so we'll get around to it i suppose,ordinary
hey i'm worried our neighbour sounded really unwell on the call,risk
actually the ladder is shaky don't climb it alone,risk
our neighbour is getting discharged wednesday morning,info
actually priya's fever isn't coming down since day after tomorrow,risk
by the way don't forget to book the tickets actually,task
is the service center open on friday or not,question
uh what a boring day,ordinary
um i will share the details with dad after the flight na,task
by the way not sure who's handling that but someone should,ordinary
what documents do they need at the grocery store,question
um i'll transfer half of it to aunt seema by sunday,task
we'll do the party first and pay the electricity bill after,decision
uh news says the clinic metro line opens friday,info
news says the airport metro line opens monday,info
okay then wednesday 530 is locked for the party actually,decision
arre fine let's not invite mom then,decision
uh she sings really well,ordinary
dr mehta is coming down saturday for the review,info
you know the ceiling fan is wobbling badly get it checked na,risk
aunt seema reached safely an hour ago,info
okay so is it possible to change the date of the trip you know,question
arre someone has to water the plants before the interview,task
so we'll get around to it i suppose,task
where do we submit the form you know,question
the ceiling fan is wobbling badly badly get it checked,risk
arre we'll sort it out one of these days,ordinary
the electrician hasn't picked up the phone since early morning,risk
i'll call the landlord thursday about the laptop,task
let's book the school before the prices go up,decision
actually need to book a cab for 9 am,task
hey the new phone looks nice though,ordinary
actually we still have to call the plumber,task
arre good morning everyone yaar,ordinary
arre scrap the old plan we start fresh from wednesday yaar,decision
the food was really good yaar,ordinary
actually how long does it take to reach the airport only,question
uh don't forget to pay the electricity bill,task
uh which bus goes to the metro station,question
aunt seema's fever fever isn't coming down since thursday actually,risk
what was the address sarah sent,question
actually i'm fine thanks,ordinary
that actor is so good in the news,ordinary
um let's move the wedding to this weekend,decision
who should i contact about the tickets right,question
arre the strike is over buses are back from sunday right,info
hey the wire is sparking sparking someone should check,risk
the bank is running a big sale till monday,info
i've decided to quit and and look for something better,decision
we are shifting the interview from monday to tomorrow na,decision
uh the the internet banking otp came without me doing anything yaar,risk
hey watch out the stove is still on,risk
actually let's meet at 8 pm not 4 pm,decision
someone has to pay the electricity bill before the party na,task
by the way there's a crack on the wall near the restaurant getting bigger actually,risk
by the way long time no see,ordinary
okay so i miss home food yaar,ordinary
let's move the meeting to this weekend,decision
listen let's drop the idea of the checkup this month,decision
uh okay bye see you,ordinary
need to book a cab for noon,task
actually aunt seema texted that the flight is happening at the office,info
uh can you look up the number for the gym only,question
so okay then day after tomorrow 7 in the evening is locked for the trip,decision
actually the refund of half of it got credited today you know,info
um the traffic was crazy as usual,ordinary
by the way can someone find out if the metro station is open tonight,question
she sings really well,ordinary
i'll send the invoice by this weekend,task
hey moving the form to next week everyone okay with that done then,decision
let's book the bank before the prices go up,decision
dr mehta said the meeting got cancelled yaar,info
okay so they announced a holiday on tuesday,info
let's move the meeting to tonight,decision
i'll get it done and update you by 8 pm right,task
we're postponing the interview to sunday,decision
the delivery guy got selected for the job,info
arre i had biryani for lunch na,ordinary
let's move the checkup to this evening only,decision
okay so i'll call the delivery guy tuesday about the form,task
let's cancel the cab cab and take the train,decision
arre arre don't eat that it's been out since day after tomorrow,risk
um we agreed to keep the interview at the bank itself,decision
i said i'd help the electrician with the charger tonight yaar,task
uh i'll get it done and update you by 8 pm,task
instead of buying let's just just rent the rent,decision
the inverter battery is swelling up don't touch touch it na,risk
somebody left the the gate open all night,risk
okay so the gym was empty today yaar,ordinary
rahul reached safely an hour ago,info
uh let's split the cost of the tickets,decision
update priya cleared the interview you know,info
you know the pressure cooker whistle is stuck be careful yaar,risk
okay so priya's fever isn't coming down since saturday,risk
okay so how do we get to the clinic from here,question
don't eat that it's been out since friday,risk
it's settled my boss pays for the parcel this time,decision
uh priya said the flight got delayed,info
you know we are shifting the review from thursday to tomorrow,decision
the strike is over buses are back from saturday,info
the coffee here is decent yaar,ordinary
i'll follow up with dad about the trip,task
listen news says the grocery store metro line opens day after tomorrow,info
rahul's fever isn't coming down since tomorrow,risk
let's cancel the cab and take the train,decision
we are shifting the class from next week to day after tomorrow,decision
actually news says the grocery store metro line opens wednesday,info
my boss reached safely an hour ago you know,info
cool cool,ordinary
make sure the keys reaches my boss by early morning,task
did anyone ask the delivery guy about the parcel,question
i said i'd help mom with the medicine this weekend,task
did anyone ask my brother about the parcel,question
by the way decided we're we're selling the old bike na,decision
hey news says the airport metro line opens sunday,info
we agreed to keep the class at the service center itself,decision
uh the food was really good,ordinary
street dogs dogs near the pharmacy looked aggressive today,risk
my back hurts from from sitting all day,ordinary
actually so tired today man,ordinary
actually what documents do they need at the metro station,question
make sure the keys reaches priya by 8 pm,task
haha that's funny right,ordinary
instead of buying let's just rent the report na,decision
priya said the results are out actually,info
ankit hasn't picked up the phone since 1030,risk
actually don't eat that it's been out since friday,risk
let's cut the budget for the medicine by a lot actually,decision
the landlord increased the rent by more than expected,info
actually haha that's funny,ordinary
by the way just scrolling reels,ordinary
the report finally got delivered to the pharmacy,info
um that actor is so good in the food,ordinary
um the dog did the funniest funniest thing today,ordinary
is there a way to reschedule the wedding na,question
by the way that actor is so good in that show,ordinary
the extension board is overheating unplug it only,risk
okay so it's settled the landlord pays for the tickets this time,decision
okay so should we take a cab or the metro to the service center,question
um need to book a cab for 8 pm yaar,task
ankit said the tap is leaking badly please look at it,risk
i smell something burning from the kitchen,risk
actually i think the stove is still on,risk
aunt seema said the meeting got cancelled,info
listen low balance alert came twice something's wrong with the account,risk
listen haha that's funny,ordinary
hey she sings really well,ordinary
uh should we take a cab or the metro to the office na,question
actually decided we're selling the old bike,decision
note it down we must send the email by next week,task
the landlord is getting discharged thursday morning,info
um i've decided to quit and look for something better actually,decision
okay so so did you notice the wire is sparking yaar,risk
listen pending item is to send the email don't let me forget,task
hey first thing friday morning i'll return the library books,task
you know i think the gas smells weird,risk
arre nothing much just chilling yaar,ordinary
arre let's do the review at 9 am instead,decision
you know there's a crack on the wall near the grocery store getting bigger,risk
lol yaar,ordinary
hey kids were playing near the main road again you know,risk
so we're switching to the new plan from this evening,decision
dr mehta reached safely an hour ago,info
hey the gas smells weird someone should check you know,risk
the plumber confirmed the trip is at 7 in the evening,info
listen i love this place only,ordinary
i'll send the photos by this weekend,task
uh the power will be cut monday you know,info
uh how much did we pay for the photos last time,question
uh i'll follow up with mom about the meeting,task
um rahul said the door is unlocked please look at it,risk
can someone find out if the bank is open wednesday,question
my brother's fever isn't coming down since tomorrow,risk
let me set a reminder to call the plumber,task
i'll pick up the medicine from the grocery store on my way back,task
okay so the ceiling fan is wobbling badly get it checked,risk
actually i'll follow up with the delivery guy about the flight,task
by the way let me set a reminder to pick up the medicine,task
what documents do they need at the pharmacy,question
listen we'll sort it out one of these days,ordinary
can somebody check the status of the parcel actually,question
did anyone ask my brother about the presentation,question
okay so scrap the old plan we start fresh from tuesday,decision
the metro station is running a big sale till this evening,info
you know monsoon started early this year actually,ordinary
arre long time no see,ordinary
you know know whom do we call if the gym is shut,question
so how much did we pay for the invoice last time,question
how many people are coming to the interview right,question
let's move the party to day after tomorrow you know,decision
news says the service center metro line opens monday,info
can you submit the form when you get time,task
so okay then day after tomorrow tomorrow noon is locked for the flight,decision
uh okay final we're going with the cheaper option na,decision
is it possible to to change the date of the review,question
by the way we're postponing the appointment to sunday,decision
listen the appointment venue changed to the metro station,info
where do we submit the medicine,question
what was the address mom sent,question
remind me to fix the tap monday only,task
um the pressure cooker whistle is stuck be careful,risk
task for saturday is to renew the insurance right,task
let's do the class at lunchtime instead,decision
hey so tired today man,ordinary
i will share the details with my brother after the review,task
um the landlord increased the rent by more than expected,info
dr mehta's fever isn't coming down since wednesday,risk
okay so it's settled our neighbour pays for the invoice this time,decision
listen the bike's tyre looks completely worn out,risk
that was a great match na,ordinary
i'll send the keys by tomorrow,task
did you see how crowded the market was right,ordinary
sarah texted that the flight is happening at the bank right,info
who should i contact about the invoice,question
hey we decided to cancel the interview,decision
update the delivery guy cleared the interview,info
i will share the details with my boss after the flight,task
you know the dog did the funniest thing today yaar,ordinary
um dr mehta got selected for the job,info
okay so that that meme was hilarious,ordinary
let's do the call at early morning instead,decision
have to submit the report before before the interview,task
you know what time does the clinic open on tomorrow,question
uh someone has to book the tickets before the interview,task
uh the deadline for the keys moved to day after tomorrow,info
nothing much just chilling na,ordinary
dad confirmed the trip is at 8 pm you know,info
sarah sarah reached safely an hour ago,info
hey i will share the details with my boss after the interview,task
i have to drop the laptop at the restaurant tonight,task
i need to submit the form before noon,task
um i'm supposed to send the tickets to priya today,task
i'll transfer 500 rupees to our neighbour by wednesday,task
hey the stove is still on someone should check yaar,risk
um do you know what time the airport closes,question
is it possible to change the date of the trip,question
by the way the refund of 1200 got credited today,info
actually we'll deal with it eventually,ordinary
the rent finally got delivered to the metro station,info
rahul is coming down tomorrow for the trip,info
i'm fine thanks right,ordinary
what time does the bank open on saturday,question
um the plumber hasn't picked up the phone since 8 pm,risk
the delivery guy is getting discharged tuesday morning,info
arre what was the address mom sent,question
by the way we're not renewing the subscription anymore na,decision
i'll get it done and update you by early morning,task
is the clinic clinic open on this evening or not,question
you know make sure the presentation reaches the teacher by 530,task
listen how long does it take to reach the bank,question
uh what's up,ordinary
i'm supposed to send the presentation to the electrician today,task
let's cut the budget for the charger by more than expected,decision
uh decided we're selling the old bike,decision
we'll do the wedding first and water the plants after actually,decision
actually the landlord's fever isn't coming down since wednesday,risk
arre hey the stove is still on someone should check,risk
who should i contact about the medicine,question
i'm worried the teacher sounded really unwell on the call,risk
okay so that actor is so good in the match,ordinary
actually rahul said the tap is leaking badly please look at it actually,risk
i'll follow up with ankit about the review,task
scrap the old plan we start fresh from friday,decision
arre this tea is perfect,ordinary
we're postponing the class to day after tomorrow,decision
you know don't forget to book the tickets,task
there's water leaking near the switchboard na,risk
um the ladder is shaky don't climb it alone,risk
the clinic is running a big sale till till day after tomorrow,info
uh he's always late anyway na,ordinary
dr mehta said the tap is leaking badly please look at it,risk
good morning everyone right,ordinary
the medicine expired last month don't take it you know,risk
note it down we must renew the insurance by this weekend,task
arre we are shifting the party from tuesday to sunday,decision
note it down we must pick up the medicine by sunday,task
actually the extension board is overheating unplug it,risk
actually that link my boss forwarded looks like a scam you know,risk
instead of buying let's just rent the photos,decision
did anyone ask aunt seema about the documents,question
uh someone has to book the tickets before before the review,task
hey good morning everyone,ordinary
actually does anyone know where i kept the report yaar,question
okay so haha that's funny,ordinary
actually the clinic is running a a big sale till friday,info
so can you pay the electricity bill when you get time,task
decided we're selling the old bike you know,decision
uh watch out the milk has gone bad,risk
i need to submit submit the form before 4 pm right,task
arre no way really,ordinary
do you know what time the airport closes actually,question
um the deadline for the charger moved to friday you know,info
hey i'll follow up with priya about the flight,task
acha okay you know,ordinary
pending item is to pay the electricity bill don't let me forget only,task
you take care of the documents and i'll handle the rest right,task
don't eat that it's been out since tuesday,risk
i'm worried our neighbour sounded really unwell on the call actually,risk
um can you find a good deal on the laptop,question
the coffee here is decent you know,ordinary
we'll do the review first and pay the electricity bill after,decision
listen dad said the gas smells weird weird please look at it,risk
uh i'm fine thanks,ordinary
street dogs near the grocery store looked aggressive aggressive today,risk
arre what did the doctor say about the reports,question
listen the electrician said the tap is leaking badly please look at it,risk
remind me to book the tickets tuesday,task
hey oh nice right,ordinary
i'll follow up with our neighbour about the wedding,task
arre yeah i know right,ordinary
can you look up the number for the restaurant,question
we agreed to keep the flight at the grocery store itself right,decision
okay so this tea tea is perfect,ordinary
they announced a holiday on wednesday actually,info
the new phone looks nice though,ordinary
we'll do the flight first and renew the insurance after actually,decision
instead of buying let's just rent the charger,decision
street dogs near the pharmacy looked aggressive today,risk
by the way the traffic was crazy as usual,ordinary
scrap the old plan we start fresh from this evening,decision
you know i will share the details with the electrician after the flight,task
um final call we're skipping the review this time actually,decision
okay so can somebody check the status of the photos,question
hey where do we submit the assignment,question
uh i've decided to quit and look for something better,decision
hey we're switching to the new plan from tomorrow,decision
what's up up right,ordinary
arre whom do we call if the school is shut,question
you know the inverter battery is swelling up don't touch it na,risk
actually can someone find out if the the grocery store is open tomorrow,question
don't eat that it's been out since this evening,risk
listen can you submit the form when you get time,task
i'll send the presentation by monday,task
listen long time no see,ordinary
by the way the the landlord said the train is running late,info
let's drop the idea of the trip this month actually,decision
actually the coffee here is decent you know,ordinary
by the way watch out the stove is still on,risk
hey we still have to water the plants,task
by the way this song is stuck in my head,ordinary
listen anyway how was your day na,ordinary
my brother's fever isn't coming down since tuesday actually,risk
okay then next week early morning is locked for the checkup,decision
listen that link the electrician forwarded looks like a scam,risk
arre we are shifting the class from this weekend to tonight,decision
let's go ahead with dr dr mehta's suggestion,decision
so we'll do the checkup first and fix the tap after,decision
okay so i have to drop the medicine at the school this evening,task
scrap the old plan we start fresh from tuesday you know,decision
how much did we pay for the charger last time,question
listen scrap the old plan we start fresh from monday,decision
dr mehta said the milk has gone bad please look at it actually,risk
uh the refund of a lot got credited today right,info
our slot at the clinic got moved to 4 pm yaar,info
the deadline for the report moved to thursday,info
nothing interesting on tv these days na,ordinary
listen i'll pick up the parcel from the service center on my way back,task
so the teacher said the school is closed,info
dr mehta said the stove is still on please look at it actually,risk
our booking at the grocery store is confirmed for this weekend,info
okay so the strike is over buses are back from sunday,info
by the way the new timings for the gym are 8 pm to noon,info
the call venue changed to the restaurant,info
i'm supposed to send the tickets to the teacher today,task
actually how many people are coming to the appointment,question
okay so the strike is over buses are back from saturday,info
i have to drop the invoice at the clinic next week,task
does anyone know where i kept the presentation,question
news says the grocery store metro line opens saturday,info
uh hey the the milk has gone bad someone should check,risk
by the way the refund of 2000 rupees got credited today,info
um the pharmacy is running a big sale till next week right,info
you know ankit confirmed the class is at 530,info
got the confirmation the charger ships wednesday you know,info
listen we'll get around to it i suppose na,ordinary
so we decided to cancel the the appointment,decision
actually remind me to send the the email sunday,task
can you find a good deal on the assignment you know,question
street dogs near the metro station looked aggressive today,risk
the keys finally got delivered to the school,info
results came and she passed with distinction actually,info
you know we'll deal with it eventually,task
the bike's tyre looks completely worn out na,risk
we are shifting the class from wednesday to to this weekend,decision
arre the gym was empty today,ordinary
um we'll do the trip first and send the email after,decision
by the way insurance claim got approved for 1200,info
let's split the cost of the invoice only,decision
final call we're skipping the meeting this time,decision
the refund of the full amount got credited today,info
i have to drop the assignment at the gym tuesday,task
hey the new timings for the clinic are noon to 4 pm,info
actually let's meet at 4 pm not 530,decision
the new phone looks nice though only,ordinary
pending item is to book the tickets don't let me forget,task
the landlord increased the rent by half of it,info
the service center is running a big sale till tonight right,info
i'm worried the teacher sounded really unwell on the call yaar,risk
street dogs near the grocery store looked aggressive today,risk
i will share the details with the electrician after the trip,task
okay so we'll do the review first and call the plumber after,decision
update my boss cleared the interview na,info
kids were playing near the main road again actually,risk
by the way we'll deal with it eventually,task
listen mom's fever isn't coming down since this evening,risk
okay so final call we're skipping the call this time,decision
the teacher said the balcony railing is loose please look at it,risk
let's do the appointment at lunchtime instead,decision
the plumber confirmed the class is at 530 right,info
i'll get it done and update you by 4 pm,task
our booking at the clinic is confirmed for tomorrow na,info
the office is running a big sale till day after tomorrow,info
the delivery guy said the wire is sparking please look at it,risk
so where do we submit the rent only,question
priya said the tap is leaking badly please look at it,risk
okay so our booking at the school is confirmed for thursday,info
the bank is running a big sale till next week right,info
uh the bike's tyre tyre looks completely worn out na,risk
where do we submit the assignment only,question
arre do you know what time the clinic closes na,question
actually he's always late anyway,ordinary
um news says the airport metro line opens saturday,info
instead of buying let's just rent the keys,decision
you know you take care of the tickets and i'll handle the rest na,task
i said i'd help the delivery guy with the assignment this evening you know,task
arre that actor is so good in the food,ordinary
listen i'll pick up the parcel from the restaurant on my way way back,task
make sure the tickets reaches aunt seema by 1030,task
so hey the milk has gone bad someone should check,risk
arre our neighbour got selected for the job,info
you know long long time no see,ordinary
listen let me set a reminder to recharge the phone right,task
listen decided we're selling the old bike,decision
um the refund of more than expected got credited today actually,info
what was the address ankit sent,question
listen lol,ordinary
actually the pressure cooker whistle is stuck be careful,risk
by the way we're switching to the new plan from monday,decision
by the way i'm supposed to send the medicine to our neighbour today,task
so good morning everyone,ordinary
actually did anyone ask sarah about the presentation,question
hey got the confirmation the tickets ships this evening,info
just heard that the school is closed,info
careful the brakes feel loose actually,risk
um somebody has to deal with this at some point,ordinary
the ladder is shaky don't climb it alone,risk
can somebody check the status of the photos you know,question
okay okay bye see you,ordinary
arre i'll call the delivery guy monday about the invoice,task
by the way let me set a reminder to renew the insurance,task
let's go ahead with rahul's suggestion only,decision
whom do we call if the metro station is shut,question
hey does anyone know where i kept the invoice,question
listen my back hurts from sitting all day,ordinary
did anyone ask the plumber about the keys,question
pending item is to fix the tap don't let me forget you know,task
the electrician is coming down this evening for the interview,info
can you find a good deal on the keys,question
rahul's fever isn't coming down since tonight actually,risk
sarah said the milk has gone bad please look at it right,risk
what time does the bank open on next week,question
um the train is running late this evening,info
by the way the inverter battery is swelling up don't touch it,risk
hey we'll sort it out one of these days,ordinary
you know we still have to send the email,task
i will share the details with dr mehta after the class,task
we're postponing the party to thursday,decision
remind me to fix the tap tap day after tomorrow,task
i'm worried my brother sounded really unwell on the call,risk
i said i'd help the the electrician with the form wednesday,task
did anyone ask the delivery guy about the tickets only,question
okay so i'm supposed to send the documents to dr mehta today only,task
the new new phone looks nice though,ordinary
listen let's drop the idea of the class this month only,decision
someone needs to sort this out you know,ordinary
someone has to water the plants before the class,task
listen can you find a good deal on the the presentation,question
um acha okay,ordinary
hmm yeah makes sense,ordinary
careful the wire is sparking only,risk
you know the landlord increased the rent by a lot,info
listen good morning everyone actually,ordinary
did anyone ask my brother about the rent,question
haha haha that's funny,ordinary
listen is it possible to change the date of the party,question
we are shifting the interview from this evening to this weekend,decision
what documents do they need at the metro station,question
listen did you you watch the traffic yesterday,ordinary
you know long time no see,ordinary
okay then thursday 530 is locked for the interview,decision
by the way need to book a cab for 530,task
the delivery guy texted that the class is happening at the market,info
arre insurance claim got approved for a lot,info
that link the electrician forwarded looks like a scam only,risk
um my back hurts from sitting all day,ordinary
let's move the party to this evening,decision
uh the delivery guy texted that the party is happening at the office,info
hey can somebody check the status of the keys,question
hmm yeah makes sense yaar,ordinary
i've decided to quit and look for something better right,decision
we agreed to keep the wedding at the restaurant itself you know,decision
news says the market metro line opens tomorrow,info
listen whom do we call if the clinic is shut,question
i'll transfer 500 rupees to the teacher by monday,task
by the way we still have to return the library books,task
do you know what time the bank closes,question
we're switching to the new plan from tuesday you know,decision
hey there's water leaking near the switchboard,risk
remind me to call the plumber friday,task
task for tomorrow is to recharge the phone,task
i'll transfer 1200 to the teacher by next week,task
uh can you find a good deal on the parcel,question
so acha okay,ordinary
moving the photos to tonight everyone okay with that done then,decision
first thing friday morning i'll recharge the phone,task
low balance alert alert came twice something's wrong with the account,risk
let's move the meeting to this evening,decision
so how many people are coming to the interview,question
um street dogs near the airport looked aggressive today,risk
listen the landlord increased the rent by more than expected,info
not sure who's handling that but someone should actually,task
hey hmm let me think,ordinary
that actor is so good in the weather na,ordinary
actually we decided to cancel the trip,decision
can someone find out if the school is open this evening you know,question
did you see how crowded the school was,ordinary
hey whom do we call if the grocery store is shut actually,question
you know so so tired today man you know,ordinary
what documents do they need at the metro station right,question
mom said the prices went up again,info
you take care of the invoice and i'll handle handle the rest you know,task
hey the balcony railing is loose someone should check,risk
uh our booking at the bank is confirmed for thursday,info
you you know pending item is to call the plumber don't let me forget,task
the refund of more than expected got credited today right,info
is there a way to reschedule the trip you know,question
could you find out the fees for for the appointment,question
uh the dog did the funniest thing today you know,ordinary
hey what time does the school open on saturday,question
kids were playing near the main road again you know,risk
he's always late anyway anyway na,ordinary
there's water leaking near the switchboard,risk
okay so what documents do they need at the service center right,question
can somebody check the status of the report,question
the the pressure cooker whistle is stuck be careful,risk
how long does it take to reach the metro station,question
arre acha okay you know,ordinary
hey the door is unlocked someone should check only,risk
our booking at the clinic is confirmed for this weekend you know,info
so did you watch cricket yesterday,ordinary
we're not renewing the subscription anymore na,decision
the deadline for the charger moved to tonight,info
okay so the gym was empty today actually,ordinary
so we'll take the morning train instead of the flight,decision
mom hasn't picked up the phone since 9 am,risk
the airport is running a big sale till this weekend,info
arre can someone find out if the airport is open thursday,question
so let's go ahead with the landlord's suggestion,decision
um our booking at the grocery store is confirmed for day after tomorrow right,info
actually how are you doing na,ordinary
i said i'd help rahul with the keys thursday,task
hey ankit's fever isn't coming down since day after tomorrow right,risk
let's cut the budget for the presentation by a lot,decision
let's do the trip at early morning instead,decision
listen that actor is so good in that movie,ordinary
we're postponing the appointment to wednesday,decision
we're postponing the meeting to sunday,decision
arre the bike's tyre looks completely worn out right,risk
hey the food was really good only,ordinary
let me set a reminder to fix the tap,task
someone needs to sort this out,task
let's split the cost of the tickets,decision
they announced a holiday on day after tomorrow,info
arre the delivery guy said the office is is shifting to the new building,info
okay so can you find a good deal on the presentation presentation right,question
arre that meme was hilarious,ordinary
by the way let's do the checkup at early morning instead na,decision
okay so we are shifting the flight from day after tomorrow to this evening actually,decision
did anyone ask ankit about the report,question
listen the electrician is getting discharged saturday morning,info
actually priya texted that the call is happening at the pharmacy,info
you know who should i contact about the charger,question
task for friday is to collect the laundry,task
you know can someone find out if the school is is open thursday,question
i'll get it done and update you by 8 pm,task
i will share the details with my boss after the wedding right,task
my boss confirmed the the trip is at 8 pm,info
the pressure cooker whistle is stuck be careful only,risk
news says the pharmacy metro line opens day after tomorrow,info
um the landlord increased the rent by 1200,info
you know our neighbour shifted to the new place last week yaar,info
note it down we must collect the laundry by tonight actually,task
the landlord confirmed the class is at noon,info
dad's fever isn't coming down since friday,risk
the power will be cut this evening,info
arre arre good morning everyone actually,ordinary
i've decided to quit and look for something better,decision
we agreed to keep the call at the pharmacy itself,decision
is there a way to reschedule the interview,question
you know our neighbour texted that the wedding is happening at the school,info
how many people are coming to the flight yaar,question
hey does anyone know where i kept the rent,question
actually can you find a good deal on the medicine,question
by the way that link my boss forwarded looks like a scam,risk
i need to collect the laundry before 8 pm,task
street street dogs near the gym looked aggressive today,risk
lol,ordinary
make sure the documents reaches aunt seema by lunchtime only,task
uh we'll do the flight first and water the plants after,decision
i think the iron was left plugged in,risk
hahaha good one na,ordinary
by the way could you find out the fees for the class,question
i smell smell something burning from the kitchen,risk
hey kids were playing near the main road again,risk
is the clinic open on this weekend or not,question
i'll get it done and update you by 7 in the evening,task
uh whom do we call if the bank is shut,question
have to submit the charger before the interview,task
it's settled priya pays for for the parcel this time,decision
let's drop the idea of the trip this month,decision
the new phone looks nice though actually,ordinary
fine let's not invite dr mehta then,decision
we'll do the checkup first and pay the electricity bill after na,decision
arre is the offer on the charger still valid,question
is there there a way to reschedule the checkup,question
just scrolling reels you know,ordinary
okay then tuesday 530 is locked for the call,decision
listen we're switching to the new plan plan from day after tomorrow,decision
arre nothing much just chilling only,ordinary
dr mehta got selected for the job,info
so i have my doubts about this,decision
that actor is so good in cricket yaar,ordinary
how long does it take to reach the airport,question
so we should hang out out sometime,ordinary
did you notice the brakes feel loose,risk
we agreed to keep the call at the service center itself,decision
actually my brother is getting discharged sunday morning,info
the plumber hasn't picked up the phone since 8 pm,risk
so we still have to submit the form,task
we should hang out sometime,ordinary
i will share the details with the delivery guy after the interview you know,task
uh instead of buying let's just rent the invoice,decision
so we decided to to cancel the call,decision
hey the landlord reached safely an hour ago only,info
you know i'll transfer 500 rupees to priya by wednesday only,task
actually i'll send the presentation by sunday,task
hey how do we get to the bank from here,question
okay so let's cut the budget for the rent by a lot you know,decision
yeah,ordinary
actually let's meet at 530 not 4 pm,decision
by the way is the offer on the charger still valid,question
i'll transfer the full amount to the plumber by next week,task
um kids were playing near the main road again,risk
okay so this tea is perfect right,ordinary
listen we agreed to keep the interview at the grocery store itself,decision
listen listen hahaha good one,ordinary
the pressure pressure cooker whistle is stuck be careful only,risk
okay then this evening 4 pm is locked for the review,decision
arre first thing wednesday morning i'll submit the form,task
she sings really really well,ordinary
you know the delivery guy hasn't picked up the phone since 4 pm,risk
listen that link dr mehta forwarded looks like a scam right,risk
you know haha that's funny,ordinary
i've decided to quit and look for something better na,decision
i'm supposed to send the keys to the delivery guy today,task
uh news says the office metro line opens monday,info
actually there's water leaking near the switchboard right,risk
did you notice the balcony railing is loose you you know,risk
uh i will share the details with dr mehta after the call,task
so does anyone know where i kept the laptop,question
hey the floor is wet someone should check you know,risk
the deadline for the report moved to this evening only,info
let me set a reminder to pay the electricity bill only,task
don't forget to call the plumber,task
so let me finish the keys tonight and send it over,task
someone has to renew the insurance before the flight,task
arre our slot at the metro station got moved to 8 pm,info
my boss is coming down tomorrow for the trip,info
our neighbour said the stove is still on please look at it right,risk
listen just scrolling reels,ordinary
can someone find out if the airport is open this evening,question
the electrician texted that the appointment is happening at the gym,info
someone has to pick up the medicine before the wedding,task
monsoon started started early this year,ordinary
it's settled the landlord pays for the medicine this time,decision
don't eat that it's been out since next week,risk
no way really you know,ordinary
the landlord's fever isn't coming down since tomorrow,risk
hey street dogs near the office looked aggressive today,risk
we still have to recharge the phone,task
by the way the party venue changed to the metro station,info
the delivery guy hasn't picked up the phone since 1030 you know,risk
i will share the details with dr mehta after the wedding,task
the pressure cooker whistle is stuck be careful actually,risk
you know the extension board is overheating unplug it only,risk
is the offer on the presentation still valid only,question
so somebody should look into that soon yaar,ordinary
okay so let's go ahead with sarah's suggestion,decision
just heard that the exam got postponed,info
uh street dogs near the clinic looked aggressive today,risk
i'm supposed to send the invoice to my brother today,task
actually let's meet at early morning not 9 am,decision
the new timings for the restaurant are 4 pm to 1030 only,info
i said i'd help our neighbour with the photos wednesday actually,task
um oh nice,ordinary
watch out the gas smells weird you know,risk
final call we're skipping the class this time,decision
by the way i'm fine thanks you know,ordinary
uh kids these days i tell you,ordinary
hey i don't know if that's going to hold up right,decision
did anyone ask the teacher about the medicine,question
monsoon started early early this year,ordinary
actually that link priya forwarded looks like a scam,risk
hey what time does the office open on saturday,question
priya is getting discharged next week morning,info
you know i've decided to quit and look for something better,decision
haha that's funny only,ordinary
actually the gym was empty today actually,ordinary
do you know what time the clinic closes right,question
our booking at at the airport is confirmed for this weekend,info
i've decided to quit and look look for something better,decision
my brother's fever isn't coming down since friday,risk
i need to return the library books before 8 8 pm yaar,task
i said i'd help ankit with the medicine tonight,task
hey let's do the party at 530 instead,decision
by the way i think the milk has gone bad,risk
so part of me thinks this won't work,decision
so kids were playing near the main road again na,risk
actually not sure who's handling that but someone should,ordinary
um the pressure cooker whistle is stuck stuck be careful,risk
this tea is perfect right,ordinary
listen mom shifted to the new place last week na,info
i said i'd help the delivery guy with the presentation tonight yaar,task
where do do we submit the tickets,question
there's a crack on the wall near the restaurant getting bigger,risk
um i guess we'll figure something out,ordinary
it's settled my brother pays for the tickets this time,decision
okay so i miss home food,ordinary
is the restaurant open on tonight or not,question
is the offer on the invoice still valid actually,question
note it down we must water the plants by tonight,task
okay so someone has to pick up the medicine before the wedding,task
where do we submit the report,question
our slot at the metro station got moved to noon,info
you know did you notice the wire is sparking you know,risk
is there a way to reschedule the call,question
actually rahul reached safely an hour ago,info
so we're not renewing the subscription anymore,decision
you know that link my boss forwarded looks like a scam,risk
is the offer on the laptop still valid,question
have to submit the laptop before the interview actually,task
i'll call ankit day after tomorrow about the medicine,task
our neighbour confirmed the interview is at early morning,info
so he's always late anyway,ordinary
uh insurance claim got approved for the full amount,info
did anyone ask my boss about the report,question
okay then wednesday lunchtime is locked for the wedding,decision
let's cut the budget for the parcel by the full amount right,decision
uh nothing much just chilling yaar,ordinary
we really need to address this at some some point,ordinary
hey did did you see how crowded the market was,ordinary
hey somebody has to deal with this at some point,ordinary
what time does the clinic open on tuesday,question
don't don't forget to book the tickets,task
let's move the trip to tonight,decision
uh should we take a cab or the metro to the clinic you know,question
um should we take a cab or the metro to the pharmacy,question
how much did we pay for the documents last time,question
um the new timings for the metro station are 8 pm to early morning,info
listen oh nice,ordinary
by the way not sure this is going to pan out,decision
i said i'd help priya priya with the presentation friday,task
arre i'm not totally sure this is the right call,decision
where do we submit the charger,question
um our neighbour said the road is blocked,info
by the way i have to drop the documents at the school sunday,task
the traffic was crazy as as usual,ordinary
actually the power will be cut thursday,info
the meeting venue changed to the gym,info
did anyone ask the electrician about the form,question
okay final we're going going with the cheaper option,decision
how many people are coming to the class only,question
there's a crack on the wall near the market getting bigger only,risk
i'll transfer 1200 to the plumber by day after tomorrow,task
that actor is so good in that show right,ordinary
you know note it down we must pay the electricity bill by sunday,task
um he's always late anyway,ordinary
our slot at the office got moved to 7 in the evening,info
okay so the bike's tyre looks completely worn out right,risk
something about this doesn't feel right,decision
i said i'd help rahul with the presentation tomorrow,task
um is the offer on the documents still valid,question
what's up na,ordinary
um who should i contact about the documents,question
anyway how was your your day,ordinary
fine let's not invite the electrician then,decision
i'll pick up the keys from the market on my way back right,task
actually don't forget forget to book the tickets,task
okay so update ankit cleared the interview right,info
listen i had biryani for lunch na,ordinary
uh just heard that the exam got postponed,info
so how long does it take to reach the market,question
so that actor is so good in the weather,ordinary
did you watch the music yesterday,ordinary
you know did you notice the iron was left plugged in,risk
hey let's book the metro station before the prices go up,decision
listen we are shifting the trip from wednesday to thursday,decision
the new timings for the restaurant are 8 pm to 4 pm,info
instead of buying let's just rent the rent,decision
okay so he's always late anyway na,ordinary
you know don't eat that it's been out since tuesday only,risk
what time does the market open on tomorrow,question
okay so not convinced this plan works,decision
uh there's a crack on the wall near the clinic getting bigger,risk
by the way what's up,ordinary
need to book a cab for 9 am,task
hey moving the invoice to friday everyone okay with that done then,decision
remind me to fix the tap wednesday,task
so let's book the grocery store before the prices go up,decision
uh somebody left the gate open all night,risk
listen we're postponing the trip to saturday only,decision
listen someone needs to sort this out,task
still have to confirm the booking with the school,task
um hmm let me think,ordinary
that link aunt seema forwarded looks like a scam,risk
i'll follow up with the teacher about the wedding,task
the new new timings for the office are 4 pm to 7 in the evening,info
listen the electrician confirmed the review is at 530,info
you know that actor is so good in that show,ordinary
okay so did you see how crowded the bank was only,ordinary
our slot at the clinic got moved to 9 am right,info
first thing thursday morning i'll fix the tap actually,task
the strike is over buses are back from sunday na,info
um the the deadline for the report moved to thursday,info
by the way the dog dog did the funniest thing today,ordinary
you know not convinced this plan works,decision
i have to drop the invoice at at the pharmacy wednesday,task
uh let's move the interview to friday,decision
i'm supposed to send the laptop to ankit today,task
hey actually let's meet at lunchtime not 9 am,decision
hey can somebody check the status of the laptop right,question
let's do the trip at noon instead,decision
so let's book the clinic before the prices go up yaar,decision
um just heard that the flight got delayed,info
the electrician said the wire is sparking please look at it,risk
uh i said i'd help aunt seema with the form wednesday,task
whom do we call if the school school is shut,question
actually i'll transfer more than expected to mom by this weekend right,task
did anyone ask our neighbour about the form,question
uh oh nice na,ordinary
okay so dad got selected for the job actually,info
you know that link the landlord forwarded looks like a scam,risk
i love this place you know,ordinary
actually whom do we call if the bank is shut,question
arre task for monday is to collect the laundry,task
arre scrap the old plan we start fresh from tonight,decision
this tea is perfect na,ordinary
can someone find out if the grocery store is open day after tomorrow,question
don't eat that it's been out since day day after tomorrow,risk
the office is shifting to the new building tuesday yaar,info
i'm supposed to send the invoice to priya today,task
okay so scrap the old plan we start fresh from monday,decision
arre i'll pick up the parcel from the office on my way back,task
can you find a good deal on the rent yaar,question
what time does the gym open on next week only,question
it's settled our neighbour pays for the keys this time,decision
i'll get it done and and update you by early morning right,task
uh how many people are coming to the review you you know,question
so did anyone ask my brother about the tickets yaar,question
the invoice finally got delivered to the restaurant you know,info
they announced a holiday on monday right,info
there's water leaking near the the switchboard,risk
arre i smell something burning from the the kitchen,risk
the teacher hasn't picked up the phone since 530,risk
by the way is the offer on the laptop still valid,question
you know mom said the floor is wet please look at it,risk
i'll follow up with mom about the class,task
so the ceiling fan is wobbling badly get it it checked,risk
actually let's meet at 8 pm not lunchtime you know,decision
listen priya is getting discharged tomorrow morning,info
uh that was a great match,ordinary
our neighbour said the tap is leaking badly please look at it,risk
you know the electrician confirmed the review is at 530,info
moving the tickets to this weekend everyone okay with that done then,decision
by the way careful the wire is sparking,risk
the road is blocked tonight,info
by the way pending item is to pick up the medicine don't let me forget na,task
the landlord hasn't picked up the phone since 9 am,risk
the landlord increased the rent by 2000 2000 rupees,info
okay so that meme was hilarious,ordinary
arre we should hang out sometime,ordinary
we still have to book the tickets,task
uh how are you doing,ordinary
um we should probably fix this sometime actually,task
does anyone know where i kept the medicine you know,question
okay so how how much did we pay for the rent last time,question
watch out the door is unlocked,risk
that actor is so good in cricket,ordinary
uh i'll send the keys by tuesday,task
listen the extension board is overheating unplug it,risk
listen priya said the flight got delayed,info
listen this song is stuck in my head,ordinary
we're switching to to the new plan from this evening,decision
um the food was really good right,ordinary
um let let me set a reminder to submit the form,task
hey careful the iron was left plugged plugged in na,risk
arre the traffic was crazy as usual,ordinary
by the way we'll attend to it later i guess,task
i'm supposed to send the assignment to aunt seema today,task
where do we submit the assignment actually,question
let's cut the budget for the invoice by the full amount,decision
is the offer on the documents still valid,question
no way really yaar,ordinary
the metro station is running a big sale till tomorrow,info
by the way how much did we pay for the medicine last time only,question
that link ankit forwarded looks like a scam right,risk
did anyone ask the delivery guy about the presentation yaar,question
i'm worried my brother sounded really unwell on the call you know,risk
our slot at the market got moved to 4 pm,info
we decided to cancel the interview actually,decision
sarah said the balcony railing is loose please look at it,risk
so there's a crack on the wall near the bank getting bigger you know,risk
let's go ahead with our neighbour's suggestion yaar,decision
by by the way just scrolling reels,ordinary
ankit is getting discharged thursday morning,info
uh good morning everyone only,ordinary
dr mehta confirmed the checkup is at 530,info
hey does anyone know where i kept the laptop,question
the electrician hasn't picked up the phone since 1030,risk
we we decided to cancel the trip,decision
um the flight venue changed to the pharmacy,info
so let's do the appointment at lunchtime instead yaar,decision
is the bank open on wednesday or not,question
listen listen dr mehta is getting discharged saturday morning,info
by the way news says the bank metro line opens wednesday,info
you know should we take a cab or the metro to the the restaurant,question
somebody has to deal deal with this at some point,ordinary
we'll attend to it later later i guess,ordinary
do you know what time the service center closes,question
note it down we must book the tickets by thursday,task
we're switching to the new plan from from tomorrow actually,decision
decided we're selling selling the old bike,decision
have to submit the laptop before the flight you know,task
let's drop the idea of the the checkup this month,decision
listen is it possible to change the date of the the party,question
listen the plumber is coming down monday for the review,info
someone has to call the plumber before the trip,task
my boss hasn't picked up the phone since lunchtime right,risk
uh careful the the brakes feel loose you know,risk
insurance claim got approved for half of it na,info
can someone find out if the office is open wednesday you know,question
by the way is it possible to change the date of the appointment,question
aunt seema hasn't picked up the phone since 530,risk
okay so long time no see right,ordinary
i said i'd help sarah with the rent sunday only,task
by the way have to submit the laptop before the interview,task
uh the strike is over buses are back from next week,info
arre can someone find out if the gym is open sunday,question
got the confirmation the documents ships this evening,info
listen how are you you doing,ordinary
listen this tea is perfect,ordinary
okay so results came and she passed with distinction,info
by the way let's cancel the cab and take the train,decision
listen the teacher said the tap is leaking badly please look at it,risk
okay so still have to confirm the booking with the grocery store na,task
did anyone ask sarah about the medicine,question
someone has to water the plants before the party,task
someone has to call the plumber before before the flight,task
arre should we take a cab or the metro to the market,question
have to submit the assignment before the flight,task
don't forget to book the tickets,task
dad is coming down wednesday for the flight,info
okay so the call venue changed changed to the school,info
we're postponing the flight to friday,decision
rahul said the iron was left plugged in please look at it,risk
the deadline for the presentation moved to thursday,info
careful the milk has gone bad,risk
uh let's drop the idea of the meeting this month,decision
you know i smell something burning from the kitchen actually,risk
it's settled our neighbour pays for the charger this time,decision
we still have to pick up the medicine,task
mom got selected for the job,info
need to book a cab for early morning,task
listen the deadline for the the tickets moved to saturday na,info
okay so let's do the class at 8 pm instead,decision
by the way acha okay,ordinary
kids these days days i tell you,ordinary
hey did you watch the food yesterday,ordinary
okay so that link dr mehta forwarded looks like a scam,risk
um don't eat that it's been out since since thursday you know,risk
listen we agreed to keep the appointment at the grocery store itself,decision
let me set a reminder to pay the electricity bill,task
um scrap the old plan we start fresh from wednesday,decision
i'll call my brother thursday about the parcel,task
actually final call we're skipping the appointment this time,decision
listen have to submit the keys before the checkup,task
can somebody check the status of the laptop yaar,question
hey how many people are coming to the flight,question
listen let me finish the documents tonight and send it over,task
don't forget to water the plants,task
hey i'll pick up the invoice from the gym on my way back,task
does anyone know where i kept the report you know,question
instead of buying let's just rent the keys actually,decision
should we take take a cab or the metro to the clinic,question
scrap the old plan we we start fresh from saturday you know,decision
uh not sure who's handling that but someone should you know,ordinary
listen the geyser was on the whole night that's risky actually,risk
uh i'll follow up with my boss about the meeting yaar,task
can you check when the interview starts,question
okay so the landlord's fever isn't coming down since friday,risk
arre remind me to submit the form wednesday,task
the electrician texted that the interview is happening at the metro station,info
arre wah nice yaar,ordinary
whom do we call if the clinic is shut,question
i said i'd help the electrician with the documents tomorrow,task
listen dad hasn't picked up the phone since 7 in the evening,risk
uh what documents do they need at the metro station you know,question
low balance alert came twice something's something's wrong with the account,risk
by the way need to book a cab for early morning actually,task
let's move the meeting to sunday,decision
uh how long does it take to reach the restaurant actually,question
okay so street dogs near the market looked aggressive today,risk
could you find out the fees for the party right,question
is there a way to reschedule the party,question
ankit is getting discharged saturday morning,info
yeah i know right right,ordinary
the electrician said the flight got delayed,info
so i smell something burning from the kitchen,risk
okay so there's a crack on the wall near the bank getting bigger only,risk
arre hmm hmm yeah makes sense,ordinary
i said i'd help the electrician with the form day after tomorrow right,task
you know the traffic was crazy as usual na,ordinary
we're switching to the new plan from tomorrow,decision
our booking at the service center is confirmed for tuesday,info
i'm worried aunt seema sounded really unwell on the call,risk
arre oh nice,ordinary
let's drop the idea of the wedding this month you know,decision
okay so the pressure cooker whistle is stuck be careful,risk
actually there's a crack on the wall near the clinic getting bigger,risk
uh should we take a cab or the metro to the metro station,question
uh don't forget to book the tickets na,task
the new phone looks nice though na,ordinary
first thing thursday morning i'll call the plumber you know,task
have to submit the tickets before the class,task
um it's settled the electrician pays for the presentation this time only,decision
arre let's drop the idea of the class this month,decision
okay so i smell something burning from the kitchen,risk
so should we take a cab or the metro to the grocery store,question
the salary got credited early this month,info
listen let's do the meeting at 8 pm instead,decision
okay so how long does it take to reach the bank,question
um that was a great match,ordinary
that actor is is so good in the food,ordinary
did anyone ask rahul about the laptop,question
listen the laptop finally got delivered to the metro station,info
hey how long does it take to reach the metro station na,question
did anyone ask sarah about the charger,question
scrap the old plan we start fresh from this evening actually,decision
um the gym was empty today,ordinary
you know i need to return the library books before 7 in the evening,task
you know priya said the balcony railing is loose please look at it,risk
uh what was the address dr mehta sent,question
arre did anyone ask our neighbour about the presentation,question
uh low balance alert came twice something's wrong with the account,risk
so kids these days i tell you only,ordinary
listen i have to drop the charger at the market this evening actually,task
by the way that link aunt seema forwarded looks like a scam,risk
the ceiling fan is wobbling badly get it checked na,risk
um where do we submit the documents,question
uh aunt seema is getting discharged wednesday morning,info
still have to confirm the booking with the bank,task
remind me to pay the electricity bill this evening right,task
the strike is over buses are back from this evening,info
task for next week is to recharge the phone,task
the dog did the funniest thing today you know,ordinary
whom do we call if the service center is shut,question
note it down we must submit the form by tomorrow,task
uh dr mehta shifted to the new place last week,info
okay so can you call the plumber when you get time,task
you know haha that's funny actually,ordinary
our slot at the clinic got moved to 7 in the evening,info
low balance alert came twice something's wrong with the account you know,risk
hey the milk has gone bad someone should check,risk
okay so okay final we're going with the cheaper option,decision
no way really only,ordinary
um our booking at the service center is confirmed for day after tomorrow,info
um i'm fine thanks,ordinary
actually careful the wire is sparking,risk
i'll transfer 2000 rupees to mom by day after tomorrow you know,task
listen the call venue changed to the service center,info
i love this place,ordinary
actually actually let's meet at 530 not 530 right,decision
the meeting got cancelled wednesday,info
you know let me finish the report tonight and send it over,task
my boss confirmed the class is at noon,info
that link ankit forwarded forwarded looks like a scam you know,risk
is it possible to change the date of the checkup yaar,question
listen got the confirmation the assignment ships wednesday,info
you know what was the address ankit sent,question
actually the new phone looks nice though,ordinary
first thing this evening morning i'll pick up the medicine,task
the pressure cooker whistle is stuck stuck be careful na,risk
that that meme was hilarious,ordinary
uh the strike is over buses are back from sunday,info
hey news says the pharmacy metro line opens sunday,info
okay so hey the brakes feel loose someone should check,risk
is the offer on the assignment still valid,question
hey did anyone ask dad about the assignment,question
did anyone ask the landlord about the invoice,question
let's go ahead with ankit's suggestion,decision
hey my brother is getting discharged tonight morning,info
so can someone find out if the the school is open wednesday,question
uh the bike's tyre looks completely worn out,risk
listen the office is running a big sale till tuesday,info
you know pending item is to collect the laundry don't let me forget,task
good good morning everyone,ordinary
the strike is over buses buses are back from monday you know,info
let's split the cost of the documents,decision
um the delivery guy is coming down next week for the interview,info
is the grocery store open open on tonight or not,question
it's settled the electrician pays for the charger this time,decision
that link dad forwarded looks like a scam actually,risk
actually could you find out the fees for the appointment na,question
did you see how crowded the metro station was,ordinary
okay so street dogs near the gym looked aggressive today,risk
